{
    "Alain Prost": {
        "relative_delta": 0.0,
        "z_score": -1.0487822750979818
    },
    "Gerhard Berger": {
        "relative_delta": 0.0015366383152772434,
        "z_score": -0.5451440437840299
    },
    "Thierry Boutsen": {
        "relative_delta": 0.0031410263133056526,
        "z_score": -0.019300632465359763
    },
    "Riccardo Patrese": {
        "relative_delta": 0.008121991379219883,
        "z_score": 1.6132269513473716
    }
}