{
    "Jean Alesi": {
        "mean_z_score": -0.8244108870273339,
        "mean_delta": 0.010647326413808332,
        "var_z_score": 0.34716132281480466,
        "var_delta": 0.0010619538555957015,
        "best_z_score": -1.5107645090433854,
        "worst_z_score": 2.0598683755231195,
        "z_score_range": 3.570632884566505,
        "best_delta": 0.0,
        "worst_delta": 0.23780914271300319,
        "delta_range": 0.23780914271300319,
        "median_z_score": -0.954796827105915,
        "median_delta": 0.004980022667689247,
        "z_score_decay_rate": 0.006634002016821665,
        "delta_decay_rate": 0.00018379109966307477,
        "outlier_count": 1,
        "outlier_ratio": 0.018867924528301886
    },
    "Mika Häkkinen": {
        "mean_z_score": -0.4461458236587342,
        "mean_delta": 0.021061548881843552,
        "var_z_score": 0.8074688626576366,
        "var_delta": 0.0027301612892247206,
        "best_z_score": -1.9017258821245329,
        "worst_z_score": 3.9309556248148683,
        "z_score_range": 5.832681506939402,
        "best_delta": 0.0,
        "worst_delta": 0.31877360535834504,
        "delta_range": 0.31877360535834504,
        "median_z_score": -0.5478526994506114,
        "median_delta": 0.010699616884685821,
        "z_score_decay_rate": 0.007572912654743215,
        "delta_decay_rate": -0.00033987652999409253,
        "outlier_count": 2,
        "outlier_ratio": 0.03773584905660377
    },
    "Michael Schumacher": {
        "mean_z_score": -1.0848495618004215,
        "mean_delta": 0.006634030145486197,
        "var_z_score": 0.39445858475273154,
        "var_delta": 0.0008265513483318722,
        "best_z_score": -2.0395421923302135,
        "worst_z_score": 1.912296933441207,
        "z_score_range": 3.9518391257714205,
        "best_delta": 0.0,
        "worst_delta": 0.20906642214453544,
        "delta_range": 0.20906642214453544,
        "median_z_score": -1.1906213722134327,
        "median_delta": 0.0,
        "z_score_decay_rate": -0.009310552565380567,
        "delta_decay_rate": -4.324464337076394e-05,
        "outlier_count": 1,
        "outlier_ratio": 0.018867924528301886
    },
    "Martin Brundle": {
        "mean_z_score": -0.05093915289451158,
        "mean_delta": 0.025029790793903033,
        "var_z_score": 0.38192180420231603,
        "var_delta": 0.0012780828472393484,
        "best_z_score": -0.6079045221544832,
        "worst_z_score": 3.0324659377942647,
        "z_score_range": 3.640370459948748,
        "best_delta": 0.006380384873930457,
        "worst_delta": 0.2739669516191875,
        "delta_range": 0.26758656674525705,
        "median_z_score": -0.22792352850418993,
        "median_delta": 0.020412404461172564,
        "z_score_decay_rate": 0.0019280937975967086,
        "delta_decay_rate": -0.000138050420225465,
        "outlier_count": 2,
        "outlier_ratio": 0.03773584905660377
    },
    "Rubens Barrichello": {
        "mean_z_score": -0.07812012504674332,
        "mean_delta": 0.025095443308834915,
        "var_z_score": 0.39594909620991775,
        "var_delta": 0.0012954183611314089,
        "best_z_score": -1.10300516806872,
        "worst_z_score": 2.776521688145951,
        "z_score_range": 3.879526856214671,
        "best_delta": 0.0003753796453231251,
        "worst_delta": 0.2442872375798296,
        "delta_range": 0.24391185793450645,
        "median_z_score": -0.27667039106171043,
        "median_delta": 0.018557507564514082,
        "z_score_decay_rate": -0.0009961851784659847,
        "delta_decay_rate": -6.809322135681359e-05,
        "outlier_count": 2,
        "outlier_ratio": 0.03773584905660377
    }
}