{
    "Jean Alesi": {
        "mean_z_score": -0.6565864699200227,
        "mean_delta": 0.012644683267254852,
        "var_z_score": 0.29690183903782114,
        "var_delta": 0.001224061110964091,
        "best_z_score": -2.2670869740931705,
        "worst_z_score": 1.1697301964056661,
        "z_score_range": 3.436817170498837,
        "best_delta": 0.0,
        "worst_delta": 0.25516279069767445,
        "delta_range": 0.25516279069767445,
        "median_z_score": -0.5462757439324607,
        "median_delta": 0.005809605982168647,
        "z_score_decay_rate": 0.02364313167083063,
        "delta_decay_rate": 0.00041152329842073356,
        "outlier_count": 1,
        "outlier_ratio": 0.018867924528301886
    },
    "Heinz-Harald Frentzen": {
        "mean_z_score": -0.5929845290112425,
        "mean_delta": 0.013167056801698246,
        "var_z_score": 0.3727415918171704,
        "var_delta": 0.0012722891155076865,
        "best_z_score": -1.4347678211467787,
        "worst_z_score": 2.7525228236669435,
        "z_score_range": 4.187290644813722,
        "best_delta": 0.0,
        "worst_delta": 0.26211968850120443,
        "delta_range": 0.26211968850120443,
        "median_z_score": -0.5539107522385365,
        "median_delta": 0.006239160041439214,
        "z_score_decay_rate": 0.02029521494981391,
        "delta_decay_rate": 0.00031425647877979034,
        "outlier_count": 1,
        "outlier_ratio": 0.018867924528301886
    },
    "David Coulthard": {
        "mean_z_score": -0.6228845037365786,
        "mean_delta": 0.012192043950604359,
        "var_z_score": 0.19054273886101725,
        "var_delta": 0.0010213515765733604,
        "best_z_score": -1.5930858432021104,
        "worst_z_score": 0.9806540533286766,
        "z_score_range": 2.573739896530787,
        "best_delta": 0.0,
        "worst_delta": 0.2312906976744185,
        "delta_range": 0.2312906976744185,
        "median_z_score": -0.6002398395844577,
        "median_delta": 0.0045268930113171275,
        "z_score_decay_rate": 0.019770129023829814,
        "delta_decay_rate": 0.00035650137296488636,
        "outlier_count": 1,
        "outlier_ratio": 0.018867924528301886
    },
    "Giancarlo Fisichella": {
        "mean_z_score": -0.4950960096227467,
        "mean_delta": 0.01345381758791395,
        "var_z_score": 0.44442187983660525,
        "var_delta": 0.0010019359843585229,
        "best_z_score": -1.3578594805254474,
        "worst_z_score": 3.8818538817938157,
        "z_score_range": 5.239713362319263,
        "best_delta": 0.0,
        "worst_delta": 0.23357273393940103,
        "delta_range": 0.23357273393940103,
        "median_z_score": -0.5449055464917926,
        "median_delta": 0.007692485388897836,
        "z_score_decay_rate": 0.013199114392837849,
        "delta_decay_rate": 0.0002524975749380725,
        "outlier_count": 1,
        "outlier_ratio": 0.018867924528301886
    },
    "Jacques Villeneuve": {
        "mean_z_score": -0.4967960301832642,
        "mean_delta": 0.013561474526311448,
        "var_z_score": 0.4560135662954993,
        "var_delta": 0.0012384160652358666,
        "best_z_score": -1.0754772804272752,
        "worst_z_score": 4.041557193715026,
        "z_score_range": 5.117034474142302,
        "best_delta": 0.0,
        "worst_delta": 0.25864355514192633,
        "delta_range": 0.25864355514192633,
        "median_z_score": -0.5591877427057322,
        "median_delta": 0.006976368130471935,
        "z_score_decay_rate": 0.008191271070353619,
        "delta_decay_rate": 0.00013422152288626585,
        "outlier_count": 1,
        "outlier_ratio": 0.018867924528301886
    },
    "Mika Häkkinen": {
        "mean_z_score": -0.5818131603473028,
        "mean_delta": 0.02286244850267839,
        "var_z_score": 0.744540092809052,
        "var_delta": 0.00970381657963366,
        "best_z_score": -1.5671621282846409,
        "worst_z_score": 3.975484718202249,
        "z_score_range": 5.54264684648689,
        "best_delta": 0.0,
        "worst_delta": 0.6850538755648246,
        "delta_range": 0.6850538755648246,
        "median_z_score": -0.7371710880947817,
        "median_delta": 0.00215367514242037,
        "z_score_decay_rate": 0.0004557557337104328,
        "delta_decay_rate": 0.0005744008302956652,
        "outlier_count": 2,
        "outlier_ratio": 0.03773584905660377
    },
    "Michael Schumacher": {
        "mean_z_score": -0.35278727975944624,
        "mean_delta": 0.014583258735669596,
        "var_z_score": 0.3802533759092016,
        "var_delta": 0.0007776045642669235,
        "best_z_score": -0.7849468911082192,
        "worst_z_score": 3.4741708586799844,
        "z_score_range": 4.259117749788204,
        "best_delta": 0.0008612562702949487,
        "worst_delta": 0.20710895572129592,
        "delta_range": 0.20624769945100097,
        "median_z_score": -0.4766426824747829,
        "median_delta": 0.009228642202891893,
        "z_score_decay_rate": 0.0017858960200243525,
        "delta_decay_rate": 0.00010331390633244626,
        "outlier_count": 1,
        "outlier_ratio": 0.018867924528301886
    },
    "Gerhard Berger": {
        "mean_z_score": -0.4353562138332895,
        "mean_delta": 0.014809785756613495,
        "var_z_score": 0.1855516588538512,
        "var_delta": 0.0010902633603523842,
        "best_z_score": -1.222595657784195,
        "worst_z_score": 1.8445755699051922,
        "z_score_range": 3.0671712276893874,
        "best_delta": 0.0,
        "worst_delta": 0.24148879464182255,
        "delta_range": 0.24148879464182255,
        "median_z_score": -0.5023297287555062,
        "median_delta": 0.008480262853440577,
        "z_score_decay_rate": -0.004056610633192456,
        "delta_decay_rate": 4.519905514261771e-05,
        "outlier_count": 1,
        "outlier_ratio": 0.018867924528301886
    },
    "Eddie Irvine": {
        "mean_z_score": -0.3246093879390641,
        "mean_delta": 0.015980421059878687,
        "var_z_score": 0.3551185266139753,
        "var_delta": 0.0010688863453751998,
        "best_z_score": -1.3806465713536544,
        "worst_z_score": 3.510315330159852,
        "z_score_range": 4.890961901513506,
        "best_delta": 0.0,
        "worst_delta": 0.24119466641670367,
        "delta_range": 0.24119466641670367,
        "median_z_score": -0.38632415660672614,
        "median_delta": 0.009843800846078683,
        "z_score_decay_rate": -0.009597540880747683,
        "delta_decay_rate": -5.060897490091937e-05,
        "outlier_count": 1,
        "outlier_ratio": 0.018867924528301886
    },
    "Jarno Trulli": {
        "mean_z_score": 0.08294054560523302,
        "mean_delta": 0.025851649010753604,
        "var_z_score": 0.35306257488414217,
        "var_delta": 0.0013692872808176975,
        "best_z_score": -0.6510371434053731,
        "worst_z_score": 2.951783215208048,
        "z_score_range": 3.602820358613421,
        "best_delta": 0.007937606719276413,
        "worst_delta": 0.27756600640770795,
        "delta_range": 0.26962839968843155,
        "median_z_score": -0.016085250722907486,
        "median_delta": 0.018286892270632033,
        "z_score_decay_rate": 0.008422401294447986,
        "delta_decay_rate": 0.0001626287377663105,
        "outlier_count": 2,
        "outlier_ratio": 0.03773584905660377
    },
    "Shinji Nakano": {
        "mean_z_score": 0.11998905570179666,
        "mean_delta": 0.025884028830678807,
        "var_z_score": 0.2310310303943396,
        "var_delta": 0.0013639180623883618,
        "best_z_score": -0.4445718360611351,
        "worst_z_score": 1.3495156703670155,
        "z_score_range": 1.7940875064281505,
        "best_delta": 0.008344053123804875,
        "worst_delta": 0.2673372093023256,
        "delta_range": 0.2589931561785207,
        "median_z_score": -0.0009124620942155274,
        "median_delta": 0.01877101449275362,
        "z_score_decay_rate": -0.013752273577342048,
        "delta_decay_rate": -9.000475581689071e-05,
        "outlier_count": 0,