{
    "Mika Häkkinen": {
        "mean_z_score": -0.4115454758836963,
        "mean_delta": 0.023023862604232843,
        "var_z_score": 1.8806412697594432,
        "var_delta": 0.0021302934261783787,
        "best_z_score": -2.0057640949718536,
        "worst_z_score": 3.341515572327667,
        "z_score_range": 5.347279667299521,
        "best_delta": 0.0,
        "worst_delta": 0.23054595075919643,
        "delta_range": 0.23054595075919643,
        "median_z_score": -0.8348608536595975,
        "median_delta": 0.006074912347693335,
        "z_score_decay_rate": 0.05083188077288727,
        "delta_decay_rate": 0.0011693121181978025,
        "outlier_count": 0,
        "outlier_ratio": 0.0
    },
    "Eddie Irvine": {
        "mean_z_score": -0.49715449337822515,
        "mean_delta": 0.019187855217320277,
        "var_z_score": 0.3425435782836347,
        "var_delta": 0.0010602650962847511,
        "best_z_score": -1.277128982592466,
        "worst_z_score": 2.447238415014137,
        "z_score_range": 3.7243673976066027,
        "best_delta": 0.0007878485940378148,
        "worst_delta": 0.24505680163122628,
        "delta_range": 0.24426895303718846,
        "median_z_score": -0.542950248888809,
        "median_delta": 0.01223508087005033,
        "z_score_decay_rate": 0.013877134644214615,
        "delta_decay_rate": 0.0001708174435838275,
        "outlier_count": 1,
        "outlier_ratio": 0.018867924528301886
    },
    "Michael Schumacher": {
        "mean_z_score": -0.8244687042118901,
        "mean_delta": 0.010818504066879717,
        "var_z_score": 0.7852637719329172,
        "var_delta": 0.0011000423126713249,
        "best_z_score": -1.9876464754038994,
        "worst_z_score": 3.748879165074004,
        "z_score_range": 5.736525640477903,
        "best_delta": 0.0,
        "worst_delta": 0.2389003643790469,
        "delta_range": 0.2389003643790469,
        "median_z_score": -0.9519718964564133,
        "median_delta": 0.003379586375537702,
        "z_score_decay_rate": 0.012210810067231256,
        "delta_decay_rate": 7.511017354042186e-05,
        "outlier_count": 1,
        "outlier_ratio": 0.018867924528301886
    },
    "Jean Alesi": {
        "mean_z_score": -0.2856196271568064,
        "mean_delta": 0.024367012951888173,
        "var_z_score": 0.21093202746515452,
        "var_delta": 0.001061966483723352,
        "best_z_score": -0.9676912071305136,
        "worst_z_score": 2.5143410531621844,
        "z_score_range": 3.482032260292698,
        "best_delta": 0.0,
        "worst_delta": 0.25006699679580546,
        "delta_range": 0.25006699679580546,
        "median_z_score": -0.3126351594729888,
        "median_delta": 0.019621616558958534,
        "z_score_decay_rate": -0.005481150155577691,
        "delta_decay_rate": -0.0001930996022099672,
        "outlier_count": 1,
        "outlier_ratio": 0.018867924528301886
    },
    "Ralf Schumacher": {
        "mean_z_score": -0.5400436893359369,
        "mean_delta": 0.01983100584774329,
        "var_z_score": 0.25539196367421385,
        "var_delta": 0.0013402919270779786,
        "best_z_score": -1.1969749399144354,
        "worst_z_score": 2.398075226368877,
        "z_score_range": 3.595050166283312,
        "best_delta": 0.0,
        "worst_delta": 0.2732262678652416,
        "delta_range": 0.2732262678652416,
        "median_z_score": -0.5988665511077758,
        "median_delta": 0.014703173214203483,
        "z_score_decay_rate": -0.003848958250275857,
        "delta_decay_rate": -0.0002177330381360535,
        "outlier_count": 1,
        "outlier_ratio": 0.018867924528301886
    },
    "Damon Hill": {
        "mean_z_score": -0.3946284511184198,
        "mean_delta": 0.025378104174430476,
        "var_z_score": 0.7579452212278718,
        "var_delta": 0.0019955116541395543,
        "best_z_score": -1.5081186644280569,
        "worst_z_score": 4.071860241289388,
        "z_score_range": 5.579978905717445,
        "best_delta": 0.0015658821903928024,
        "worst_delta": 0.25411283898451836,
        "delta_range": 0.2525469567941256,
        "median_z_score": -0.4709705690755318,
        "median_delta": 0.014533504588005234,
        "z_score_decay_rate": 0.001086143825011023,
        "delta_decay_rate": -0.00028744601372165604,
        "outlier_count": 2,
        "outlier_ratio": 0.03773584905660377
    }
}