{
    "Heinz-Harald Frentzen": {
        "mean_z_score": -0.6038889580407574,
        "mean_delta": 0.00914015302292573,
        "var_z_score": 0.2097710798287543,
        "var_delta": 0.000892966729434974,
        "best_z_score": -1.5888573014858256,
        "worst_z_score": 1.6333706704162188,
        "z_score_range": 3.2222279719020444,
        "best_delta": 0.0,
        "worst_delta": 0.22197545430359394,
        "delta_range": 0.22197545430359394,
        "median_z_score": -0.5524258934056191,
        "median_delta": 0.004097690816969799,
        "z_score_decay_rate": 0.006722742961675739,
        "delta_decay_rate": 0.0001196125165089257,
        "outlier_count": 1,
        "outlier_ratio": 0.018867924528301886
    },
    "Alessandro Zanardi": {
        "mean_z_score": -0.12388330352102048,
        "mean_delta": 0.015295099692962772,
        "var_z_score": 0.39136575541723423,
        "var_delta": 0.001067297348431426,
        "best_z_score": -1.068644696536358,
        "worst_z_score": 2.168393595293533,
        "z_score_range": 3.237038291829891,
        "best_delta": 0.0011542593312154387,
        "worst_delta": 0.24511837077080828,
        "delta_range": 0.24396411143959285,
        "median_z_score": -0.3225894317239913,
        "median_delta": 0.009038888240102778,
        "z_score_decay_rate": 0.018716121824174998,
        "delta_decay_rate": 6.524830340031912e-05,
        "outlier_count": 2,
        "outlier_ratio": 0.03773584905660377
    },
    "Ralf Schumacher": {
        "mean_z_score": -0.629734217730035,
        "mean_delta": 0.009847259599009221,
        "var_z_score": 0.3501019285073286,
        "var_delta": 0.001125028999151549,
        "best_z_score": -2.0064640069715995,
        "worst_z_score": 2.3887785288762093,
        "z_score_range": 4.395242535847808,
        "best_delta": 0.0,
        "worst_delta": 0.24681960496758487,
        "delta_range": 0.24681960496758487,
        "median_z_score": -0.6236814067717885,
        "median_delta": 0.003995122234481088,
        "z_score_decay_rate": -0.0057397874778741965,
        "delta_decay_rate": -2.7483139705081475e-05,
        "outlier_count": 1,
        "outlier_ratio": 0.018867924528301886
    },
    "Mika Salo": {
        "mean_z_score": -0.6020377414063566,
        "mean_delta": 0.011689581956316634,
        "var_z_score": 0.46991921097228906,
        "var_delta": 0.0007402698793340276,
        "best_z_score": -2.318816403819306,
        "worst_z_score": 2.1375557935257614,
        "z_score_range": 4.456372197345067,
        "best_delta": 0.0,
        "worst_delta": 0.19886429081526874,
        "delta_range": 0.19886429081526874,
        "median_z_score": -0.4619193575265105,
        "median_delta": 0.006885543853108494,
        "z_score_decay_rate": -0.01116740800697286,
        "delta_decay_rate": -4.317818088041545e-05,
        "outlier_count": 1,
        "outlier_ratio": 0.018867924528301886
    },
    "David Coulthard": {
        "mean_z_score": -0.3569400826206549,
        "mean_delta": 0.013036844662697007,
        "var_z_score": 0.22908580802780243,
        "var_delta": 0.0008485737856188172,
        "best_z_score": -0.9817423113286776,
        "worst_z_score": 2.327344208223827,
        "z_score_range": 3.3090865195525048,
        "best_delta": 0.0,
        "worst_delta": 0.21314704323988123,
        "delta_range": 0.21314704323988123,
        "median_z_score": -0.4572865015904417,
        "median_delta": 0.00695810013613673,
        "z_score_decay_rate": 0.004215508211251002,
        "delta_decay_rate": -1.2329428303687003e-05,
        "outlier_count": 1,
        "outlier_ratio": 0.018867924528301886
    },
    "Rubens Barrichello": {
        "mean_z_score": -0.3826300327818596,
        "mean_delta": 0.012932683610274486,
        "var_z_score": 0.3785852348506037,
        "var_delta": 0.0014158263260236625,
        "best_z_score": -1.3941489290227793,
        "worst_z_score": 3.5690008971288503,
        "z_score_range": 4.963149826151629,
        "best_delta": 0.0,
        "worst_delta": 0.2761802351798536,
        "delta_range": 0.2761802351798536,
        "median_z_score": -0.44264831532905535,
        "median_delta": 0.00674790432352848,
        "z_score_decay_rate": 0.00424391948455082,
        "delta_decay_rate": -0.00011238943004227201,
        "outlier_count": 1,
        "outlier_ratio": 0.018867924528301886
    },
    "Eddie Irvine": {
        "mean_z_score": -0.16748552769840655,
        "mean_delta": 0.01506394568618034,
        "var_z_score": 0.18401512455987146,
        "var_delta": 0.00089173753574299,
        "best_z_score": -0.7835559199835445,
        "worst_z_score": 1.5883192241049964,
        "z_score_range": 2.371875144088541,
        "best_delta": 0.0021308945149623613,
        "worst_delta": 0.21773027495344194,
        "delta_range": 0.21559938043847957,
        "median_z_score": -0.25815937259734373,
        "median_delta": 0.009294646052950531,
        "z_score_decay_rate": 0.01595969068797044,
        "delta_decay_rate": 1.9079251038074776e-05,
        "outlier_count": 1,
        "outlier_ratio": 0.018867924528301886
    },
    "Damon Hill": {
        "mean_z_score": 0.37664685354664845,
        "mean_delta": 0.02142010297033432,
        "var_z_score": 1.4307435892874258,
        "var_delta": 0.001761302365561294,
        "best_z_score": -0.734551997877586,
        "worst_z_score": 3.465305586251071,
        "z_score_range": 4.199857584128657,
        "best_delta": 0.0023727798382824194,
        "worst_delta": 0.30816870583578765,
        "delta_range": 0.3057959259975052,
        "median_z_score": -0.23723604974300855,
        "median_delta": 0.012012080460425118,
        "z_score_decay_rate": 0.05765521577883744,
        "delta_decay_rate": 0.0004057532974953854,
        "outlier_count": 0,
        "outlier_ratio": 0.0
    },
    "Jacques Villeneuve": {
        "mean_z_score": 0.00958234342247107,
        "mean_delta": 0.018200165520263094,
        "var_z_score": 0.34392365592662966,
        "var_delta": 0.0011773021520917425,
        "best_z_score": -0.5479689792424398,
        "worst_z_score": 2.3411758797319697,
        "z_score_range": 2.8891448589744098,
        "best_delta": 0.003605243152341708,
        "worst_delta": 0.2505118506437174,
        "delta_range": 0.2469066074913757,
        "median_z_score": -0.15676555208960763,
        "median_delta": 0.011061126055096853,
        "z_score_decay_rate": 0.01789099825665759,
        "delta_decay_rate": 3.6079466174015824e-05,
        "outlier_count": 2,
        "outlier_ratio": 0.03773584905660377
    },
    "Jean Alesi": {
        "mean_z_score": 0.12234506666673653,
        "mean_delta": 0.01829453374107732,
        "var_z_score": 0.5398779537452774,
        "var_delta": 0.001173611258096537,
        "best_z_score": -0.6892938737165091,
        "worst_z_score": 2.4277728088007677,
        "z_score_range": 3.117066682517277,
        "best_delta": 0.0,
        "worst_delta": 0.2499854510748747,
        "delta_range": 0.2499854510748747,
        "median_z_score": -0.17881883964111456,
        "median_delta": 0.012209044945129218,
        "z_score_decay_rate": 0.016307568313929745,
        "delta_decay_rate": -0.00014370006260667565,
        "outlier_count": 1,
        "outlier_ratio": 0.018867924528301886
    }
}