{
    "Michael Schumacher": {
        "mean_z_score": -0.8568662000969569,
        "mean_delta": 0.05279536010753921,
        "var_z_score": 1.1181202728533983,
        "var_delta": 0.023763648301217404,
        "best_z_score": -2.3343920364058666,
        "worst_z_score": 3.2689944100743387,
        "z_score_range": 5.603386446480205,
        "best_delta": 0.0,
        "worst_delta": 0.6616798924591302,
        "delta_range": 0.6616798924591302,
        "median_z_score": -0.9819942695194808,
        "median_delta": 0.0,
        "z_score_decay_rate": -0.0035251762619350874,
        "delta_decay_rate": -0.0036563788493731114,
        "outlier_count": 1,
        "outlier_ratio": 0.018867924528301886
    },
    "Mika Häkkinen": {
        "mean_z_score": -0.8432700129677585,
        "mean_delta": 0.05358645689105096,
        "var_z_score": 0.8351527735987944,
        "var_delta": 0.02316859984330821,
        "best_z_score": -2.1347025435519122,
        "worst_z_score": 2.256343274753429,
        "z_score_range": 4.391045818305342,
        "best_delta": 0.0,
        "worst_delta": 0.6423832444386627,
        "delta_range": 0.6423832444386627,
        "median_z_score": -1.1458010405806454,
        "median_delta": 0.004799535153980206,
        "z_score_decay_rate": -0.020948626165102208,
        "delta_decay_rate": -0.003786155006860738,
        "outlier_count": 1,
        "outlier_ratio": 0.018867924528301886
    },
    "Ralf Schumacher": {
        "mean_z_score": -0.11370072239704923,
        "mean_delta": 0.06422102166999631,
        "var_z_score": 0.37429081704444334,
        "var_delta": 0.022048112845599196,
        "best_z_score": -1.2501724225897237,
        "worst_z_score": 1.645366218677887,
        "z_score_range": 2.8955386412676107,
        "best_delta": 0.0,
        "worst_delta": 0.6369845193183298,
        "delta_range": 0.6369845193183298,
        "median_z_score": -0.22873279850199693,
        "median_delta": 0.01701382445722767,
        "z_score_decay_rate": -0.015983566091065854,
        "delta_decay_rate": -0.0036294612660199644,
        "outlier_count": 0,
        "outlier_ratio": 0.0
    },
    "Alexander Wurz": {
        "mean_z_score": 0.2301308734513634,
        "mean_delta": 0.06743544085057354,
        "var_z_score": 0.44849130287578637,
        "var_delta": 0.021623465191712783,
        "best_z_score": -0.6795528874497511,
        "worst_z_score": 2.1380393234965265,
        "z_score_range": 2.8175922109462777,
        "best_delta": 0.0008523172802214662,
        "worst_delta": 0.6429469667403841,
        "delta_range": 0.6420946494601626,
        "median_z_score": 0.20622452770606914,
        "median_delta": 0.02290370404958971,
        "z_score_decay_rate": -0.013987110245301667,
        "delta_decay_rate": -0.003683220446104145,
        "outlier_count": 0,
        "outlier_ratio": 0.0
    },
    "Jos Verstappen": {
        "mean_z_score": -0.08763042168176359,
        "mean_delta": 0.06583423309683605,
        "var_z_score": 0.5513130928913819,
        "var_delta": 0.022267387270106836,
        "best_z_score": -1.0644214222533535,
        "worst_z_score": 3.2087882430518464,
        "z_score_range": 4.2732096653052,
        "best_delta": 0.0,
        "worst_delta": 0.6339057282858505,
        "delta_range": 0.6339057282858505,
        "median_z_score": -0.2564187560409338,
        "median_delta": 0.01844257547322813,
        "z_score_decay_rate": -0.0010565278023979068,
        "delta_decay_rate": -0.00366133077949216,
        "outlier_count": 2,
        "outlier_ratio": 0.03773584905660377
    },
    "Ricardo Zonta": {
        "mean_z_score": -0.26375564737006485,
        "mean_delta": 0.06766625893997326,
        "var_z_score": 1.1295353142930764,
        "var_delta": 0.02055425099602042,
        "best_z_score": -1.7625774788864654,
        "worst_z_score": 3.2941291900402816,
        "z_score_range": 5.056706668926747,
        "best_delta": 5.7851622159432736e-05,
        "worst_delta": 0.6337296990098144,
        "delta_range": 0.6336718473876549,
        "median_z_score": -0.4667847494555483,
        "median_delta": 0.013276803345336284,
        "z_score_decay_rate": 0.0006202162067389399,
        "delta_decay_rate": -0.003820944262843421,
        "outlier_count": 2,
        "outlier_ratio": 0.03773584905660377
    }
}