{
    "Juan Pablo Montoya": {
        "mean_z_score": -0.9832511252292467,
        "mean_delta": 0.013530058729388991,
        "var_z_score": 0.4475941607504585,
        "var_delta": 0.0019404419426716569,
        "best_z_score": -1.8216064880329013,
        "worst_z_score": 2.5425847956580814,
        "z_score_range": 4.364191283690983,
        "best_delta": 0.0,
        "worst_delta": 0.32591524063237987,
        "delta_range": 0.32591524063237987,
        "median_z_score": -1.0259563915182754,
        "median_delta": 0.005963704265624038,
        "z_score_decay_rate": 0.005941672715621951,
        "delta_decay_rate": 8.411392477785495e-05,
        "outlier_count": 1,
        "outlier_ratio": 0.018867924528301886
    },
    "Rubens Barrichello": {
        "mean_z_score": -1.0789633745031613,
        "mean_delta": 0.01463429950595719,
        "var_z_score": 1.1824429030317023,
        "var_delta": 0.00334043934967313,
        "best_z_score": -2.297137582977061,
        "worst_z_score": 3.892559955382722,
        "z_score_range": 6.189697538359783,
        "best_delta": 0.0,
        "worst_delta": 0.35873093151574165,
        "delta_range": 0.35873093151574165,
        "median_z_score": -1.3813025182737315,
        "median_delta": 0.0017138357496874607,
        "z_score_decay_rate": 0.01038460610701422,
        "delta_decay_rate": 0.00012748651230329357,
        "outlier_count": 2,
        "outlier_ratio": 0.03773584905660377
    },
    "Michael Schumacher": {
        "mean_z_score": -0.8454714653569799,
        "mean_delta": 0.01898665063154343,
        "var_z_score": 0.9231829741031903,
        "var_delta": 0.002532442865720142,
        "best_z_score": -1.874937086333429,
        "worst_z_score": 3.5958139890525715,
        "z_score_range": 5.4707510753860005,
        "best_delta": 0.0,
        "worst_delta": 0.2852191853860955,
        "delta_range": 0.2852191853860955,
        "median_z_score": -1.018652933961139,
        "median_delta": 0.009053345094944067,
        "z_score_decay_rate": 0.00985356462566401,
        "delta_decay_rate": 8.885122360600273e-05,
        "outlier_count": 2,
        "outlier_ratio": 0.03773584905660377
    },
    "Ralf Schumacher": {
        "mean_z_score": -0.5668981356671344,
        "mean_delta": 0.017320584462830222,
        "var_z_score": 0.6073831940026191,
        "var_delta": 0.0013097981675498035,
        "best_z_score": -1.6016404200155958,
        "worst_z_score": 3.601382576038577,
        "z_score_range": 5.203022996054173,
        "best_delta": 0.0,
        "worst_delta": 0.2696201496981516,
        "delta_range": 0.2696201496981516,
        "median_z_score": -0.6763189516340674,
        "median_delta": 0.013039849780930524,
        "z_score_decay_rate": 0.017732240531896856,
        "delta_decay_rate": 0.00011447942519046087,
        "outlier_count": 1,
        "outlier_ratio": 0.018867924528301886
    },
    "Pedro de la Rosa": {
        "mean_z_score": -0.10393988734724599,
        "mean_delta": 0.029947368319440226,
        "var_z_score": 0.5221740517223245,
        "var_delta": 0.0015991788703197424,
        "best_z_score": -0.8940278221690527,
        "worst_z_score": 3.6525817464408963,
        "z_score_range": 4.546609568609949,
        "best_delta": 0.008792817069912662,
        "worst_delta": 0.30414838218945645,
        "delta_range": 0.2953555651195438,
        "median_z_score": -0.2911592021784135,
        "median_delta": 0.022776116613717097,
        "z_score_decay_rate": 0.005016060347999725,
        "delta_decay_rate": -0.00013515245615491303,
        "outlier_count": 1,
        "outlier_ratio": 0.018867924528301886
    },
    "Kimi Räikkönen": {
        "mean_z_score": -0.14904038789694965,
        "mean_delta": 0.03168822026832747,
        "var_z_score": 0.34044876422245623,
        "var_delta": 0.0021337497258238354,
        "best_z_score": -0.998713462665492,
        "worst_z_score": 3.035739809065341,
        "z_score_range": 4.034453271730833,
        "best_delta": 0.007858864985163338,
        "worst_delta": 0.3530581857943838,
        "delta_range": 0.34519932080922044,
        "median_z_score": -0.27392347803996986,
        "median_delta": 0.02485323584209225,
        "z_score_decay_rate": -0.002479704742280136,
        "delta_decay_rate": -0.000459677174827478,
        "outlier_count": 1,
        "outlier_ratio": 0.018867924528301886
    },
    "Jacques Villeneuve": {
        "mean_z_score": -0.10661188236313536,
        "mean_delta": 0.03156807328951804,
        "var_z_score": 0.23588322033860795,
        "var_delta": 0.0017334739409124865,
        "best_z_score": -0.8346463286061656,
        "worst_z_score": 1.521934909388453,
        "z_score_range": 2.356581237994619,
        "best_delta": 0.009120725022309177,
        "worst_delta": 0.310561771425224,
        "delta_range": 0.30144104640291486,
        "median_z_score": -0.2591572380597305,
        "median_delta": 0.024734203073494592,
        "z_score_decay_rate": 0.011088115513343638,
        "delta_decay_rate": -0.00016814484618267263,
        "outlier_count": 1,
        "outlier_ratio": 0.018867924528301886
    }
}