{
    "Rubens Barrichello": {
        "mean_z_score": -0.7179396278632052,
        "mean_delta": 0.019313221959598774,
        "var_z_score": 2.9371215496168106,
        "var_delta": 0.002912615692428372,
        "best_z_score": -3.438574087781503,
        "worst_z_score": 3.2501428209896814,
        "z_score_range": 6.688716908771184,
        "best_delta": 0.0,
        "worst_delta": 0.2866962962962963,
        "delta_range": 0.2866962962962963,
        "median_z_score": -1.1974813293338176,
        "median_delta": 0.0,
        "z_score_decay_rate": 0.08061772802917727,
        "delta_decay_rate": 0.0006398185994211607,
        "outlier_count": 0,
        "outlier_ratio": 0.0
    },
    "Michael Schumacher": {
        "mean_z_score": -0.640047514686779,
        "mean_delta": 0.019457728164288434,
        "var_z_score": 1.0417367018857475,
        "var_delta": 0.0019102876069408375,
        "best_z_score": -2.101029593707332,
        "worst_z_score": 3.0103340460334578,
        "z_score_range": 5.11136363974079,
        "best_delta": 0.0,
        "worst_delta": 0.32065448866594115,
        "delta_range": 0.32065448866594115,
        "median_z_score": -0.7319742302437838,
        "median_delta": 0.011023978643275935,
        "z_score_decay_rate": 0.043877028082677405,
        "delta_decay_rate": 0.0002377410573848282,
        "outlier_count": 1,
        "outlier_ratio": 0.018867924528301886
    },
    "Eddie Irvine": {
        "mean_z_score": -0.16891899963756016,
        "mean_delta": 0.031161660520857493,
        "var_z_score": 0.22676745208768134,
        "var_delta": 0.0021031658339440325,
        "best_z_score": -0.7434524273183539,
        "worst_z_score": 1.525854604854578,
        "z_score_range": 2.269307032172932,
        "best_delta": 0.002471652141317739,
        "worst_delta": 0.35000709857555257,
        "delta_range": 0.34753544643423484,
        "median_z_score": -0.328017608633619,
        "median_delta": 0.02338370370370369,
        "z_score_decay_rate": 0.010069389097105627,
        "delta_decay_rate": -0.00032756285094141314,
        "outlier_count": 2,
        "outlier_ratio": 0.03773584905660377
    },
    "Olivier Panis": {
        "mean_z_score": -0.1309924897673473,
        "mean_delta": 0.03466499790531488,
        "var_z_score": 0.7198486670487408,
        "var_delta": 0.002869529506464667,
        "best_z_score": -1.2189929140427183,
        "worst_z_score": 3.430162083172985,
        "z_score_range": 4.649154997215703,
        "best_delta": 0.0009702495762464014,
        "worst_delta": 0.3241007407407408,
        "delta_range": 0.3231304911644944,
        "median_z_score": -0.2904408994837551,
        "median_delta": 0.025196626214455974,
        "z_score_decay_rate": -0.0013427806487849297,
        "delta_decay_rate": -0.0005014143181645056,
        "outlier_count": 2,
        "outlier_ratio": 0.03773584905660377
    },
    "Jacques Villeneuve": {
        "mean_z_score": 0.23397309015341644,
        "mean_delta": 0.037464370584433214,
        "var_z_score": 0.43762013330840305,
        "var_delta": 0.0018799687535099392,
        "best_z_score": -0.8993252183244631,
        "worst_z_score": 3.3648863516740586,
        "z_score_range": 4.264211569998522,
        "best_delta": 0.004561776987589634,
        "worst_delta": 0.32105498225241536,
        "delta_range": 0.3164932052648257,
        "median_z_score": 0.17662915860328648,
        "median_delta": 0.0322791427077888,
        "z_score_decay_rate": -0.010534923245095664,
        "delta_decay_rate": -0.0006487383672569799,
        "outlier_count": 1,
        "outlier_ratio": 0.018867924528301886
    },
    "Nick Heidfeld": {
        "mean_z_score": 0.08588345172964693,
        "mean_delta": 0.03769651161404532,
        "var_z_score": 0.8299727965209907,
        "var_delta": 0.0029562881655466958,
        "best_z_score": -0.7990887709504658,
        "worst_z_score": 3.73647644516232,
        "z_score_range": 4.5355652161127855,
        "best_delta": 0.003479067609880519,
        "worst_delta": 0.30021342186388417,
        "delta_range": 0.29673435425400363,
        "median_z_score": -0.22898487643719345,
        "median_delta": 0.023950957563085174,
        "z_score_decay_rate": -0.00785419851982882,
        "delta_decay_rate": -0.0006985952106890462,
        "outlier_count": 2,
        "outlier_ratio": 0.03773584905660377
    },
    "Jarno Trulli": {
        "mean_z_score": -0.06691562047867539,
        "mean_delta": 0.03245153085400806,
        "var_z_score": 0.7317467872141291,
        "var_delta": 0.0021258717120574335,
        "best_z_score": -1.5181605680672725,
        "worst_z_score": 3.690912708344636,
        "z_score_range": 5.2090732764119085,
        "best_delta": 0.0,
        "worst_delta": 0.33017497916914634,
        "delta_range": 0.33017497916914634,
        "median_z_score": -0.2536413359844122,
        "median_delta": 0.02878152262001247,
        "z_score_decay_rate": -0.012926085392941497,
        "delta_decay_rate": -0.0009420380255465928,
        "outlier_count": 2,
        "outlier_ratio": 0.03773584905660377
    },
    "Jenson Button": {
        "mean_z_score": 0.05901153052397742,
        "mean_delta": 0.03453516646300363,
        "var_z_score": 0.526238985433744,
        "var_delta": 0.0019340669081380178,
        "best_z_score": -0.7059631777563873,
        "worst_z_score": 3.696475424254172,
        "z_score_range": 4.40243860201056,
        "best_delta": 0.0035653749488572402,
        "worst_delta": 0.32051708174069926,
        "delta_range": 0.31695170679184204,
        "median_z_score": -0.15541489799029704,
        "median_delta": 0.0304606594453041,
        "z_score_decay_rate": -0.008706354341082603,
        "delta_decay_rate": -0.000822141478761231,
        "outlier_count": 2,
        "outlier_ratio": 0.03773584905660377
    },
    "Giancarlo Fisichella": {
        "mean_z_score": 0.04136063027505078,
        "mean_delta": 0.035120251919135016,
        "var_z_score": 0.38893288516464414,
        "var_delta": 0.001638689430634684,
        "best_z_score": -1.3944217264989736,
        "worst_z_score": 1.920108439519417,
        "z_score_range": 3.3145301660183906,
        "best_delta": 0.0,
        "worst_delta": 0.2827515496108496,
        "delta_range": 0.2827515496108496,
        "median_z_score": -0.0972414732793271,
        "median_delta": 0.030234074074074097,
        "z_score_decay_rate": -0.02565027418103608,
        "delta_decay_rate": -0.0008299499674436544,
        "outlier_count": 1,
        "outlier_ratio": 0.018867924528301886
    },
    "David Coulthard": {
        "mean_z_score": -0.33763009560172796,
        "mean_delta": 0.034512179015609934,
        "var_z_score": 0.7570870572127528,
        "var_delta": 0.00432255954570632,
        "best_z_score": -1.436084824336679,
        "worst_z_score": 4.283317582634776,
        "z_score_range": 5.719402406971455,
        "best_delta": 0.0,
        "worst_delta": 0.40045227878928435,
        "delta_range": 0.40045227878928435,
        "median_z_score": -0.44743204879017107,
        "median_delta": 0.02316022731334218,
        "z_score_decay_rate": -0.021234472716141796,
        "delta_decay_rate": -0.0014904237156025495,
        "outlier_count": 1,
        "outlier_ratio": 0.018867924528301886
    }
}