{
    "Michael Schumacher": {
        "mean_z_score": -0.7767056119428496,
        "mean_delta": 0.017507127164977442,
        "var_z_score": 0.420122757850761,
        "var_delta": 0.003910002216868021,
        "best_z_score": -1.4844311478386132,
        "worst_z_score": 1.921177620175645,
        "z_score_range": 3.4056087680142584,
        "best_delta": 0.0,
        "worst_delta": 0.33211528189190503,
        "delta_range": 0.33211528189190503,
        "median_z_score": -0.9219285269812804,
        "median_delta": 0.0016747166330913208,
        "z_score_decay_rate": 0.005706283872194209,
        "delta_decay_rate": 9.228120465795571e-05,
        "outlier_count": 2,
        "outlier_ratio": 0.03773584905660377
    },
    "Juan Pablo Montoya": {
        "mean_z_score": -0.6901923070684175,
        "mean_delta": 0.0187557976624723,
        "var_z_score": 0.3228225592503797,
        "var_delta": 0.003482121559195916,
        "best_z_score": -1.562252309151783,
        "worst_z_score": 1.6252293549793952,
        "z_score_range": 3.1874816641311785,
        "best_delta": 0.0,
        "worst_delta": 0.3202639042738372,
        "delta_range": 0.3202639042738372,
        "median_z_score": -0.8040243609602651,
        "median_delta": 0.0051212349214824525,
        "z_score_decay_rate": 0.007322692847210173,
        "delta_decay_rate": 3.9158003187782666e-05,
        "outlier_count": 2,
        "outlier_ratio": 0.03773584905660377
    },
    "Rubens Barrichello": {
        "mean_z_score": -0.6628922588131496,
        "mean_delta": 0.02029752151886421,
        "var_z_score": 0.7190506848665849,
        "var_delta": 0.004208319926309495,
        "best_z_score": -1.45399321289393,
        "worst_z_score": 3.708305832949997,
        "z_score_range": 5.162299045843927,
        "best_delta": 0.0,
        "worst_delta": 0.3667958845328654,
        "delta_range": 0.3667958845328654,
        "median_z_score": -0.8407927875362757,
        "median_delta": 0.00422181513787622,
        "z_score_decay_rate": -0.0029294829320692843,
        "delta_decay_rate": -0.0002022475666246061,
        "outlier_count": 2,
        "outlier_ratio": 0.03773584905660377
    },
    "Kimi Räikkönen": {
        "mean_z_score": -0.734868923067373,
        "mean_delta": 0.020461504412092858,
        "var_z_score": 0.2376925089892933,
        "var_delta": 0.004154019760554838,
        "best_z_score": -1.3856428052374163,
        "worst_z_score": 1.3535620731826097,
        "z_score_range": 2.739204878420026,
        "best_delta": 0.0,
        "worst_delta": 0.34966761169224764,
        "delta_range": 0.34966761169224764,
        "median_z_score": -0.8080811441035114,
        "median_delta": 0.004538174052322419,
        "z_score_decay_rate": -0.005258875660735889,
        "delta_decay_rate": -0.00027471322154080176,
        "outlier_count": 1,
        "outlier_ratio": 0.018867924528301886
    },
    "Marc Gené": {
        "mean_z_score": -0.6094783360942995,
        "mean_delta": 0.02389174990262872,
        "var_z_score": 0.3146671024983535,
        "var_delta": 0.004096368571166796,
        "best_z_score": -1.4197271607017132,
        "worst_z_score": 1.7577542642934283,
        "z_score_range": 3.1774814249951415,
        "best_delta": 0.0,
        "worst_delta": 0.34783458793625965,
        "delta_range": 0.34783458793625965,
        "median_z_score": -0.6698395822183496,
        "median_delta": 0.009916473711646374,
        "z_score_decay_rate": -0.0074181687157314075,
        "delta_decay_rate": -0.0003927198240222047,
        "outlier_count": 2,
        "outlier_ratio": 0.03773584905660377
    }
}