{
    "Rubens Barrichello": {
        "mean_z_score": -0.4361930524850221,
        "mean_delta": 0.0258849196309985,
        "var_z_score": 1.3131764880513532,
        "var_delta": 0.003783741135443974,
        "best_z_score": -2.07011648013627,
        "worst_z_score": 3.8767994791452374,
        "z_score_range": 5.946915959281507,
        "best_delta": 0.0,
        "worst_delta": 0.3120445320103496,
        "delta_range": 0.3120445320103496,
        "median_z_score": -0.6653973816571694,
        "median_delta": 0.007396539389603611,
        "z_score_decay_rate": -0.0059441849000917285,
        "delta_decay_rate": -0.0005473540581527838,
        "outlier_count": 2,
        "outlier_ratio": 0.03773584905660377
    },
    "Juan Pablo Montoya": {
        "mean_z_score": -0.18275855940607894,
        "mean_delta": 0.033396812331222325,
        "var_z_score": 0.6587588877891026,
        "var_delta": 0.0038340597675633366,
        "best_z_score": -1.0917229787160194,
        "worst_z_score": 2.673539227674823,
        "z_score_range": 3.765262206390842,
        "best_delta": 0.0,
        "worst_delta": 0.3460066718995289,
        "delta_range": 0.3460066718995289,
        "median_z_score": -0.4223889894021384,
        "median_delta": 0.01483528470656684,
        "z_score_decay_rate": 0.03009442540735364,
        "delta_decay_rate": 0.00014875811659728074,
        "outlier_count": 2,
        "outlier_ratio": 0.03773584905660377
    },
    "Jenson Button": {
        "mean_z_score": -0.3693566053522364,
        "mean_delta": 0.028300358938365307,
        "var_z_score": 0.4568761150927779,
        "var_delta": 0.003612380261680966,
        "best_z_score": -1.2449989310063438,
        "worst_z_score": 2.6825917166870377,
        "z_score_range": 3.9275906476933815,
        "best_delta": 0.0,
        "worst_delta": 0.33067440174039153,
        "delta_range": 0.33067440174039153,
        "median_z_score": -0.4611184101110313,
        "median_delta": 0.013830125461615597,
        "z_score_decay_rate": 0.013030527510488952,
        "delta_decay_rate": -4.584734977863551e-05,
        "outlier_count": 2,
        "outlier_ratio": 0.03773584905660377
    },
    "Takuma Sato": {
        "mean_z_score": -0.41814732577206526,
        "mean_delta": 0.029367719657884157,
        "var_z_score": 0.2069912651509085,
        "var_delta": 0.0036458091361913107,
        "best_z_score": -0.9054203682440941,
        "worst_z_score": 1.5757242182743303,
        "z_score_range": 2.4811445865184245,
        "best_delta": 0.0,
        "worst_delta": 0.33435537676609106,
        "delta_range": 0.33435537676609106,
        "median_z_score": -0.4776340493168285,
        "median_delta": 0.011054317787180057,
        "z_score_decay_rate": 0.0011904274541321255,
        "delta_decay_rate": -0.00035648760445554,
        "outlier_count": 2,
        "outlier_ratio": 0.03773584905660377
    },
    "Jarno Trulli": {
        "mean_z_score": -0.05641493901261306,
        "mean_delta": 0.04090004699635654,
        "var_z_score": 0.42540987570379496,
        "var_delta": 0.004010495692274321,
        "best_z_score": -0.9537038238267549,
        "worst_z_score": 2.72669806374784,
        "z_score_range": 3.680401887574595,
        "best_delta": 0.0,
        "worst_delta": 0.34676889375684555,
        "delta_range": 0.34676889375684555,
        "median_z_score": -0.21974813509282276,
        "median_delta": 0.023609492855828924,
        "z_score_decay_rate": -0.004681486324262235,
        "delta_decay_rate": -0.0007845124817099055,
        "outlier_count": 2,
        "outlier_ratio": 0.03773584905660377
    },
    "Ricardo Zonta": {
        "mean_z_score": 0.09283260570634723,
        "mean_delta": 0.04435133222504674,
        "var_z_score": 0.31373094139436963,
        "var_delta": 0.003862689006548078,
        "best_z_score": -0.5162901866552789,
        "worst_z_score": 1.74776648903062,
        "z_score_range": 2.264056675685899,
        "best_delta": 0.006698449097821406,
        "worst_delta": 0.33012411695447413,
        "delta_range": 0.3234256678566527,
        "median_z_score": -0.08262753572899967,
        "median_delta": 0.02452558661398129,
        "z_score_decay_rate": -0.0034916795527810745,
        "delta_decay_rate": -0.000875937652537939,
        "outlier_count": 0,
        "outlier_ratio": 0.0
    },
    "Mark Webber": {
        "mean_z_score": -0.07332704334721776,
        "mean_delta": 0.038689428321702496,
        "var_z_score": 0.4022693485108227,
        "var_delta": 0.003937435836362531,
        "best_z_score": -0.8054536413956791,
        "worst_z_score": 2.6754894710407426,
        "z_score_range": 3.480943112436422,
        "best_delta": 0.004072359914444229,
        "worst_delta": 0.3417305585980284,
        "delta_range": 0.3376581986835842,
        "median_z_score": -0.2632362007599444,
        "median_delta": 0.02204887831724273,
        "z_score_decay_rate": 0.001493108902240351,
        "delta_decay_rate": -0.0006581148818137118,
        "outlier_count": 2,
        "outlier_ratio": 0.03773584905660377
    },
    "Giancarlo Fisichella": {
        "mean_z_score": -0.23657894788731146,
        "mean_delta": 0.03358364365121343,
        "var_z_score": 0.9166656395434566,
        "var_delta": 0.003677766853622324,
        "best_z_score": -1.4041752686875664,
        "worst_z_score": 3.9629572704868465,
        "z_score_range": 5.367132539174413,
        "best_delta": 0.0,
        "worst_delta": 0.3035635291226347,
        "delta_range": 0.3035635291226347,
        "median_z_score": -0.4423468302424678,
        "median_delta": 0.016446924633593037,
        "z_score_decay_rate": -0.018143989164351483,
        "delta_decay_rate": -0.0007631539141344728,
        "outlier_count": 2,
        "outlier_ratio": 0.03773584905660377
    },
    "Michael Schumacher": {
        "mean_z_score": -0.47436443301749737,
        "mean_delta": 0.02564742955712392,
        "var_z_score": 0.8829602157255815,
        "var_delta": 0.003960233220430733,
        "best_z_score": -1.7932905149361953,
        "worst_z_score": 3.9185274182622365,
        "z_score_range": 5.711817933198432,
        "best_delta": 0.0,
        "worst_delta": 0.2932548088107452,
        "delta_range": 0.2932548088107452,
        "median_z_score": -0.6086200101401648,
        "median_delta": 0.0035871255249079513,
        "z_score_decay_rate": -0.018744040894797746,
        "delta_decay_rate": -0.0009511729345736706,
        "outlier_count": 2,
        "outlier_ratio": 0.03773584905660377
    },
    "David Coulthard": {
        "mean_z_score": -0.1693591299494653,
        "mean_delta": 0.03307188971781546,
        "var_z_score": 0.5235616074232359,
        "var_delta": 0.0029408562915732767,
        "best_z_score": -0.9568753857076704,
        "worst_z_score": 3.9555164582454325,
        "z_score_range": 4.9123918439531025,
        "best_delta": 0.000998928859415788,
        "worst_delta": 0.34097452531068895,
        "delta_range": 0.3399755964512732,
        "median_z_score": -0.39315785803464154,
        "median_delta": 0.02258646763256749,
        "z_score_decay_rate": -0.0073300663381155925,
        "delta_decay_rate": -0.0008223733749591696,
        "outlier_count": 1,
        "outlier_ratio": 0.018867924528301886
    },
    "Antônio Pizzonia": {
        "mean_z_score": -0.3062194819312003,
        "mean_delta": 0.03296943154763119,
        "var_z_score": 0.9891806859818535,
        "var_delta": 0.005267964101240363,
        "best_z_score": -1.6911126035852682,
        "worst_z_score": 3.8753445118196312,
        "z_score_range": 5.5664571154049,
        "best_delta": 0.0,
        "worst_delta": 0.36673233886856177,
        "delta_range": 0.36673233886856177,
        "median_z_score": -0.5008090070120548,
        "median_delta": 0.012611889472659952,
        "z_score_decay_rate": 3.16765100212978e-05,
        "delta_decay_rate": -0.0007463207816463431,
        "outlier_count": 2,