{
    "Juan Pablo Montoya": {
        "mean_z_score": -0.6121822751211844,
        "mean_delta": 0.020241347972866724,
        "var_z_score": 0.7113458733823596,
        "var_delta": 0.0030293078692967233,
        "best_z_score": -2.0099297961399114,
        "worst_z_score": 2.9581940791036705,
        "z_score_range": 4.968123875243582,
        "best_delta": 0.0,
        "worst_delta": 0.2976831181368408,
        "delta_range": 0.2976831181368408,
        "median_z_score": -0.5812547998364905,
        "median_delta": 0.002586415276770762,
        "z_score_decay_rate": 0.02584301356873041,
        "delta_decay_rate": 0.0006909991856111333,
        "outlier_count": 2,
        "outlier_ratio": 0.03773584905660377
    },
    "Fernando Alonso": {
        "mean_z_score": -0.677812099344779,
        "mean_delta": 0.020793812309344666,
        "var_z_score": 0.753461061357466,
        "var_delta": 0.0039953689959764,
        "best_z_score": -1.9214975865690054,
        "worst_z_score": 3.072446456679561,
        "z_score_range": 4.9939440432485664,
        "best_delta": 0.0,
        "worst_delta": 0.34046856564975564,
        "delta_range": 0.34046856564975564,
        "median_z_score": -0.6274977591443575,
        "median_delta": 0.0044239135748154025,
        "z_score_decay_rate": 0.015261695020021221,
        "delta_decay_rate": 0.00036792581712452534,
        "outlier_count": 2,
        "outlier_ratio": 0.03773584905660377
    },
    "Jenson Button": {
        "mean_z_score": -0.23244478082956865,
        "mean_delta": 0.03476886788194563,
        "var_z_score": 0.4087284973146232,
        "var_delta": 0.0034124381178406017,
        "best_z_score": -0.7143337849858601,
        "worst_z_score": 2.896068307324484,
        "z_score_range": 3.6104020923103444,
        "best_delta": 0.007847966772916132,
        "worst_delta": 0.3408083219645293,
        "delta_range": 0.33296035519161316,
        "median_z_score": -0.38438725733307366,
        "median_delta": 0.01949468053062153,
        "z_score_decay_rate": 0.006424585571961705,
        "delta_decay_rate": 0.0002299038762471933,
        "outlier_count": 2,
        "outlier_ratio": 0.03773584905660377
    },
    "Jarno Trulli": {
        "mean_z_score": -0.371818969321673,
        "mean_delta": 0.027909020746657808,
        "var_z_score": 0.39065214159503714,
        "var_delta": 0.002795796142396762,
        "best_z_score": -0.9395603818947534,
        "worst_z_score": 2.968555529468306,
        "z_score_range": 3.9081159113630592,
        "best_delta": 0.0,
        "worst_delta": 0.29853988174248813,
        "delta_range": 0.29853988174248813,
        "median_z_score": -0.4581471666605326,
        "median_delta": 0.015193719929095864,
        "z_score_decay_rate": 0.004697750663466086,
        "delta_decay_rate": 0.00019405373607854755,
        "outlier_count": 2,
        "outlier_ratio": 0.03773584905660377
    },
    "Michael Schumacher": {
        "mean_z_score": 0.1077736382156467,
        "mean_delta": 0.042225752413524456,
        "var_z_score": 1.4656720259650668,
        "var_delta": 0.003949340212180717,
        "best_z_score": -0.7000664317778206,
        "worst_z_score": 4.209670369794527,
        "z_score_range": 4.909736801572347,
        "best_delta": 0.006247141240761759,
        "worst_delta": 0.32660877201541677,
        "delta_range": 0.320361630774655,
        "median_z_score": -0.3513213458475872,
        "median_delta": 0.022749068307901594,
        "z_score_decay_rate": 0.021992616448547195,
        "delta_decay_rate": 0.0007545055265375792,
        "outlier_count": 2,
        "outlier_ratio": 0.03773584905660377
    },
    "Giancarlo Fisichella": {
        "mean_z_score": -0.44155968669420154,
        "mean_delta": 0.02432503600408436,
        "var_z_score": 0.6363257639892858,
        "var_delta": 0.0029389340732881063,
        "best_z_score": -1.2863160838341736,
        "worst_z_score": 4.214031179197529,
        "z_score_range": 5.500347263031703,
        "best_delta": 0.0,
        "worst_delta": 0.2968436416712279,
        "delta_range": 0.2968436416712279,
        "median_z_score": -0.5113965113618325,
        "median_delta": 0.013584499987783659,
        "z_score_decay_rate": -0.00574071471875691,
        "delta_decay_rate": -1.7433187950722513e-06,
        "outlier_count": 2,
        "outlier_ratio": 0.03773584905660377
    },
    "Ralf Schumacher": {
        "mean_z_score": -0.2537008119500791,
        "mean_delta": 0.03027447928134572,
        "var_z_score": 0.6349639567558671,
        "var_delta": 0.0030290944750919124,
        "best_z_score": -0.9973587345036281,
        "worst_z_score": 4.237864260874384,
        "z_score_range": 5.235222995378012,
        "best_delta": 0.0026788946542777143,
        "worst_delta": 0.32291220556745204,
        "delta_range": 0.3202333109131743,
        "median_z_score": -0.4164509761373644,
        "median_delta": 0.017636940669137815,
        "z_score_decay_rate": -0.006640383425827756,
        "delta_decay_rate": 1.569172563400673e-05,
        "outlier_count": 2,
        "outlier_ratio": 0.03773584905660377
    },
    "Kimi Räikkönen": {
        "mean_z_score": -0.3227862281022166,
        "mean_delta": 0.02521712635846638,
        "var_z_score": 1.4174986049515408,
        "var_delta": 0.0032452139163031053,
        "best_z_score": -2.340401545565516,
        "worst_z_score": 4.255790166470316,
        "z_score_range": 6.596191712035832,
        "best_delta": 0.0,
        "worst_delta": 0.3299423492673551,
        "delta_range": 0.3299423492673551,
        "median_z_score": -0.48957765832813444,
        "median_delta": 0.008095123708863708,
        "z_score_decay_rate": -0.016136371726172775,
        "delta_decay_rate": -0.0004408077436164739,
        "outlier_count": 2,
        "outlier_ratio": 0.03773584905660377
    },
    "Felipe Massa": {
        "mean_z_score": -0.08085662989678756,
        "mean_delta": 0.0373456698806424,
        "var_z_score": 0.38517320007023514,
        "var_delta": 0.0029022804552807954,
        "best_z_score": -0.6037270831953323,
        "worst_z_score": 2.952246585408897,
        "z_score_range": 3.5559736686042296,
        "best_delta": 0.007811935771202976,
        "worst_delta": 0.3174014591509957,
        "delta_range": 0.30958952337979273,
        "median_z_score": -0.1927974995161216,
        "median_delta": 0.023149946586384338,
        "z_score_decay_rate": -4.716325380511857e-06,
        "delta_decay_rate": 8.516688183543432e-05,
        "outlier_count": 2,
        "outlier_ratio": 0.03773584905660377
    },
    "Antônio Pizzonia": {
        "mean_z_score": -0.21300417280608283,
        "mean_delta": 0.03045981688624474,
        "var_z_score": 0.869275659378361,
        "var_delta": 0.003546723803991196,
        "best_z_score": -0.9636244083744386,
        "worst_z_score": 4.213284059953415,
        "z_score_range": 5.176908468327854,
        "best_delta": 0.0,
        "worst_delta": 0.35978635043918195,
        "delta_range": 0.35978635043918195,
        "median_z_score": -0.4458566145630612,
        "median_delta": 0.015297916339142114,
        "z_score_decay_rate": -0.011316132374291047,
        "delta_decay_rate": -0.00017683006379494388,
        "outlier_count": 2,
        "outlier_ratio": 0.03773584905660377
    }
}