{
    "Kimi Räikkönen": {
        "mean_z_score": -0.6325879389926568,
        "mean_delta": 0.01832045495193319,
        "var_z_score": 1.3985224771531806,
        "var_delta": 0.003103607601803779,
        "best_z_score": -2.0149807853929174,
        "worst_z_score": 4.388086803974784,
        "z_score_range": 6.403067589367701,
        "best_delta": 0.0,
        "worst_delta": 0.31491318289067693,
        "delta_range": 0.31491318289067693,
        "median_z_score": -0.6143554133892621,
        "median_delta": 0.0028823289217688986,
        "z_score_decay_rate": 0.034237043273165964,
        "delta_decay_rate": 0.00032511614267389724,
        "outlier_count": 2,
        "outlier_ratio": 0.03773584905660377
    },
    "Michael Schumacher": {
        "mean_z_score": -0.692482342372982,
        "mean_delta": 0.016414179016154017,
        "var_z_score": 1.1039803691778003,
        "var_delta": 0.0030114776494259855,
        "best_z_score": -2.037792878165336,
        "worst_z_score": 4.1907129587730125,
        "z_score_range": 6.228505836938348,
        "best_delta": 0.0,
        "worst_delta": 0.30538312201903034,
        "delta_range": 0.30538312201903034,
        "median_z_score": -0.6396961233187728,
        "median_delta": 0.0011953858107703582,
        "z_score_decay_rate": 0.028363062191523663,
        "delta_decay_rate": 0.0003207506319477342,
        "outlier_count": 2,
        "outlier_ratio": 0.03773584905660377
    },
    "Robert Kubica": {
        "mean_z_score": -0.49197947751106424,
        "mean_delta": 0.02237703526880936,
        "var_z_score": 0.6744398984620902,
        "var_delta": 0.0026014907666475104,
        "best_z_score": -1.311737075581201,
        "worst_z_score": 4.1749107748754355,
        "z_score_range": 5.486647850456636,
        "best_delta": 0.0,
        "worst_delta": 0.28905210941899606,
        "delta_range": 0.28905210941899606,
        "median_z_score": -0.595483127221333,
        "median_delta": 0.012344054639187545,
        "z_score_decay_rate": 0.013082598942113909,
        "delta_decay_rate": 0.00016310719417875802,
        "outlier_count": 2,
        "outlier_ratio": 0.03773584905660377
    },
    "Felipe Massa": {
        "mean_z_score": -0.5207475367661879,
        "mean_delta": 0.026768354527971102,
        "var_z_score": 0.7574095898127203,
        "var_delta": 0.003903851428907486,
        "best_z_score": -1.2898033114277534,
        "worst_z_score": 3.7185054583354846,
        "z_score_range": 5.008308769763238,
        "best_delta": 0.0,
        "worst_delta": 0.3029750042019834,
        "delta_range": 0.3029750042019834,
        "median_z_score": -0.6374051128533931,
        "median_delta": 0.010720602567650384,
        "z_score_decay_rate": 0.010226289544726656,
        "delta_decay_rate": 0.0002764527081474275,
        "outlier_count": 2,
        "outlier_ratio": 0.03773584905660377
    },
    "Jenson Button": {
        "mean_z_score": -0.5081464051517287,
        "mean_delta": 0.02381231624203153,
        "var_z_score": 0.6858618121929986,
        "var_delta": 0.002920985292942941,
        "best_z_score": -1.50037585603051,
        "worst_z_score": 4.169958499836857,
        "z_score_range": 5.670334355867366,
        "best_delta": 0.0,
        "worst_delta": 0.3232905391584746,
        "delta_range": 0.3232905391584746,
        "median_z_score": -0.6195150734312391,
        "median_delta": 0.01235148664133648,
        "z_score_decay_rate": 0.0017226887550647028,
        "delta_decay_rate": -0.00012288125681887276,
        "outlier_count": 2,
        "outlier_ratio": 0.03773584905660377
    },
    "Nick Heidfeld": {
        "mean_z_score": -0.41878402784756513,
        "mean_delta": 0.02667411641316053,
        "var_z_score": 0.707786812627838,
        "var_delta": 0.0030056869259708734,
        "best_z_score": -1.3447014317983947,
        "worst_z_score": 4.177088492784641,
        "z_score_range": 5.521789924583036,
        "best_delta": 0.0,
        "worst_delta": 0.2893590541381457,
        "delta_range": 0.2893590541381457,
        "median_z_score": -0.5847047166038863,
        "median_delta": 0.011687704534829462,
        "z_score_decay_rate": 0.0002928763298511334,
        "delta_decay_rate": -0.00013391891803819184,
        "outlier_count": 1,
        "outlier_ratio": 0.018867924528301886
    },
    "Giancarlo Fisichella": {
        "mean_z_score": -0.3356461249866006,
        "mean_delta": 0.023666834718193454,
        "var_z_score": 0.4477594788555618,
        "var_delta": 0.0017641321770312348,
        "best_z_score": -0.9845088794305775,
        "worst_z_score": 4.051312485399263,
        "z_score_range": 5.03582136482984,
        "best_delta": 0.002787174234122572,
        "worst_delta": 0.31224443298598203,
        "delta_range": 0.3094572587518595,
        "median_z_score": -0.41733356590674847,
        "median_delta": 0.017778530308161178,
        "z_score_decay_rate": -0.0034769256328839116,
        "delta_decay_rate": -0.0003565472825239072,
        "outlier_count": 1,
        "outlier_ratio": 0.018867924528301886
    },
    "Rubens Barrichello": {
        "mean_z_score": -0.2030232831830868,
        "mean_delta": 0.026009750522226302,
        "var_z_score": 0.22674217573805538,
        "var_delta": 0.001792740755833943,
        "best_z_score": -1.0348817550281877,
        "worst_z_score": 2.2405813872014604,
        "z_score_range": 3.275463142229648,
        "best_delta": 0.0019110638653655099,
        "worst_delta": 0.31569607807872635,
        "delta_range": 0.31378501421336086,
        "median_z_score": -0.28252581986314806,
        "median_delta": 0.020116016835707212,
        "z_score_decay_rate": -0.006285349248514164,
        "delta_decay_rate": -0.0003694667986725734,
        "outlier_count": 2,
        "outlier_ratio": 0.03773584905660377
    },
    "Jarno Trulli": {
        "mean_z_score": -0.23909957447428112,
        "mean_delta": 0.026536874755966038,
        "var_z_score": 0.28813659312342665,
        "var_delta": 0.001998989078649037,
        "best_z_score": -1.4454319415956458,
        "worst_z_score": 2.837807265616065,
        "z_score_range": 4.283239207211711,
        "best_delta": 0.0004291640837346975,
        "worst_delta": 0.33035198382126346,
        "delta_range": 0.32992281973752874,
        "median_z_score": -0.3662743657671439,
        "median_delta": 0.018652204623544003,
        "z_score_decay_rate": -0.014799780696307342,
        "delta_decay_rate": -0.0005016135855981184,
        "outlier_count": 1,
        "outlier_ratio": 0.018867924528301886
    },
    "Mark Webber": {
        "mean_z_score": 0.02539747602159602,
        "mean_delta": 0.03281896865209031,
        "var_z_score": 0.34648655150345264,
        "var_delta": 0.0018496161432649324,
        "best_z_score": -0.5087462925478871,
        "worst_z_score": 2.818090510707962,
        "z_score_range": 3.326836803255849,
        "best_delta": 0.009641096974566235,
        "worst_delta": 0.31761447429948575,
        "delta_range": 0.30797337732491953,
        "median_z_score": -0.18189666978448932,
        "median_delta": 0.023951880564109265,
        "z_score_decay_rate": -0.002644939068446576,
        "delta_decay_rate": -0.00019724183613096838,
        "outlier_count": 2,
        "outlier_ratio": 0.03773584905660377
    }
}