{
    "Fernando Alonso": {
        "mean_z_score": -0.951025363811256,
        "mean_delta": 0.022486191981123557,
        "var_z_score": 1.44871570887391,
        "var_delta": 0.00490281566795678,
        "best_z_score": -2.3148893554737526,
        "worst_z_score": 2.9098489500009537,
        "z_score_range": 5.224738305474706,
        "best_delta": 0.0,
        "worst_delta": 0.3328535444404462,
        "delta_range": 0.3328535444404462,
        "median_z_score": -1.1765639398201224,
        "median_delta": 0.0,
        "z_score_decay_rate": 0.00760616862783808,
        "delta_decay_rate": -0.0004542673161014754,
        "outlier_count": 2,
        "outlier_ratio": 0.03773584905660377
    },
    "Lewis Hamilton": {
        "mean_z_score": -0.9066944515563959,
        "mean_delta": 0.024009376577532687,
        "var_z_score": 1.7243392210122988,
        "var_delta": 0.0048137089945483385,
        "best_z_score": -2.19895709865748,
        "worst_z_score": 4.284081467934056,
        "z_score_range": 6.483038566591537,
        "best_delta": 0.0,
        "worst_delta": 0.3230607789450831,
        "delta_range": 0.3230607789450831,
        "median_z_score": -1.1590534639238317,
        "median_delta": 0.003158817665357391,
        "z_score_decay_rate": -0.0007792039247000069,
        "delta_decay_rate": -0.0006311632395706819,
        "outlier_count": 2,
        "outlier_ratio": 0.03773584905660377
    },
    "Kimi Räikkönen": {
        "mean_z_score": -0.34445441978002905,
        "mean_delta": 0.028843008479268194,
        "var_z_score": 1.274136484233084,
        "var_delta": 0.0036813412701494027,
        "best_z_score": -1.9457472002243938,
        "worst_z_score": 4.321866025934411,
        "z_score_range": 6.2676132261588045,
        "best_delta": 0.0,
        "worst_delta": 0.3631292272700066,
        "delta_range": 0.3631292272700066,
        "median_z_score": -0.5088148590334927,
        "median_delta": 0.014316770559338847,
        "z_score_decay_rate": 0.030521294039568617,
        "delta_decay_rate": -0.00043204800911819435,
        "outlier_count": 1,
        "outlier_ratio": 0.018867924528301886
    },
    "Nick Heidfeld": {
        "mean_z_score": -0.2917338919350967,
        "mean_delta": 0.03544694741523005,
        "var_z_score": 1.0277855301021954,
        "var_delta": 0.004275407822319055,
        "best_z_score": -1.4709688503553628,
        "worst_z_score": 4.27522591428115,
        "z_score_range": 5.746194764636513,
        "best_delta": 0.005100696855767642,
        "worst_delta": 0.3055370167326119,
        "delta_range": 0.30043631987684427,
        "median_z_score": -0.4694686341438109,
        "median_delta": 0.015530888146471687,
        "z_score_decay_rate": 0.02589380882560872,
        "delta_decay_rate": -0.0003251125376177029,
        "outlier_count": 1,
        "outlier_ratio": 0.018867924528301886
    },
    "Robert Kubica": {
        "mean_z_score": -0.3712367569722684,
        "mean_delta": 0.03643668159833612,
        "var_z_score": 1.1899589676349949,
        "var_delta": 0.005858620830937406,
        "best_z_score": -1.8021918441531846,
        "worst_z_score": 4.3289556449090805,
        "z_score_range": 6.131147489062265,
        "best_delta": 0.0,
        "worst_delta": 0.44019350744213354,
        "delta_range": 0.44019350744213354,
        "median_z_score": -0.5911794084768177,
        "median_delta": 0.01622591090193434,
        "z_score_decay_rate": -0.0032480339200775146,
        "delta_decay_rate": -0.0005578336468004537,
        "outlier_count": 2,
        "outlier_ratio": 0.03773584905660377
    },
    "Heikki Kovalainen": {
        "mean_z_score": -0.32266232285674734,
        "mean_delta": 0.03784375859447432,
        "var_z_score": 0.7273747441780548,
        "var_delta": 0.004502816219201995,
        "best_z_score": -1.217482908217183,
        "worst_z_score": 4.295555323687411,
        "z_score_range": 5.513038231904594,
        "best_delta": 0.0,
        "worst_delta": 0.32930113934309,
        "delta_range": 0.32930113934309,
        "median_z_score": -0.41679975389621676,
        "median_delta": 0.01931562035393991,
        "z_score_decay_rate": -0.0012782646903238865,
        "delta_decay_rate": -0.0005896320413773975,
        "outlier_count": 2,
        "outlier_ratio": 0.03773584905660377
    },
    "Nico Rosberg": {
        "mean_z_score": -0.10387710162973654,
        "mean_delta": 0.03770060468995638,
        "var_z_score": 0.5279174456379041,
        "var_delta": 0.003332379148217929,
        "best_z_score": -1.0206361879222703,
        "worst_z_score": 2.928125474500873,
        "z_score_range": 3.948761662423143,
        "best_delta": 0.006661661482726297,
        "worst_delta": 0.36501548360665603,
        "delta_range": 0.35835382212392974,
        "median_z_score": -0.3042768178093276,
        "median_delta": 0.025932358759106378,
        "z_score_decay_rate": -0.011968183805760134,
        "delta_decay_rate": -0.0008752750868880186,
        "outlier_count": 2,
        "outlier_ratio": 0.03773584905660377
    },
    "Jenson Button": {
        "mean_z_score": -0.05978540036269511,
        "mean_delta": 0.03921156826948928,
        "var_z_score": 0.28023090588799116,
        "var_delta": 0.003036931816702809,
        "best_z_score": -0.6307764169072309,
        "worst_z_score": 3.01594701439152,
        "z_score_range": 3.646723431298751,
        "best_delta": 0.010054082386295881,
        "worst_delta": 0.34801979601912175,
        "delta_range": 0.33796571363282585,
        "median_z_score": -0.1800697768788432,
        "median_delta": 0.02531100993080695,
        "z_score_decay_rate": -0.006169147384098766,
        "delta_decay_rate": -0.0007513151889140367,
        "outlier_count": 1,
        "outlier_ratio": 0.018867924528301886
    },
    "Mark Webber": {
        "mean_z_score": -0.02525262248268259,
        "mean_delta": 0.040034871803847835,
        "var_z_score": 0.1995448047345753,
        "var_delta": 0.002927316376055402,
        "best_z_score": -0.5880769275229675,
        "worst_z_score": 2.310699433437931,
        "z_score_range": 2.8987763609608983,
        "best_delta": 0.009035214779284255,
        "worst_delta": 0.3350422447686994,
        "delta_range": 0.32600702998941516,
        "median_z_score": -0.15766904557366412,
        "median_delta": 0.027358433915811036,
        "z_score_decay_rate": -0.0070640921452122035,
        "delta_decay_rate": -0.0007581303709324376,
        "outlier_count": 1,
        "outlier_ratio": 0.018867924528301886
    },
    "Rubens Barrichello": {
        "mean_z_score": -0.01042101308477022,
        "mean_delta": 0.04025753599717177,
        "var_z_score": 0.21637446707120483,
        "var_delta": 0.003003039001181813,
        "best_z_score": -0.6081873174605437,
        "worst_z_score": 2.349932823762732,
        "z_score_range": 2.958120141223276,
        "best_delta": 0.010177207345703279,
        "worst_delta": 0.33949975501619273,
        "delta_range": 0.32932254767048946,
        "median_z_score": -0.11030909905297263,
        "median_delta": 0.026042290284729007,
        "z_score_decay_rate": -0.008357507632301545,
        "delta_decay_rate": -0.0007886259497940665,
        "outlier_count": 1,
        "outlier_ratio": 0.018867924528301886
    },
    "Jarno Trulli": {
        "mean_z_score": 0.004306695208029248,
        "mean_delta": 0.04054200207973574,
        "var_z_score": 0.4440828745324312,
        "var_delta": 0.0034241777121459547,
        "best_z_score": -0.65882727972737,
        "worst_z_score": 2.9365886046106264,
        "z_score_range": 3.5954158843379966,
        "best_delta": 0.007942915489278808,
        "worst_delta": 0.36588304755937384,
        "delta_range": 0.357940132070095,
        "median_z_score": -0.1798419075510205,
        "median_delta": 0.025819122437248414,
        "z_score_decay_rate": -0.012679125292959998,
        "delta_decay_rate": -0.0009899177303966768,
        "outlier_count": 2,