{
    "Sebastian Vettel": {
        "mean_z_score": -0.6298001455205677,
        "mean_delta": 0.030201936366811115,
        "var_z_score": 1.5753371999581103,
        "var_delta": 0.006791457153392986,
        "best_z_score": -2.4267314627214427,
        "worst_z_score": 4.195886999946498,
        "z_score_range": 6.6226184626679405,
        "best_delta": 0.0,
        "worst_delta": 0.4673611453961984,
        "delta_range": 0.4673611453961984,
        "median_z_score": -0.508395602141233,
        "median_delta": 0.006373153352696569,
        "z_score_decay_rate": 0.023804072674462422,
        "delta_decay_rate": -0.0005523230402751352,
        "outlier_count": 2,
        "outlier_ratio": 0.03773584905660377
    },
    "Heikki Kovalainen": {
        "mean_z_score": -0.5183550130677629,
        "mean_delta": 0.032514140704697776,
        "var_z_score": 0.5626016243899448,
        "var_delta": 0.006774158904469159,
        "best_z_score": -1.9165644026674014,
        "worst_z_score": 2.041746532960073,
        "z_score_range": 3.958310935627474,
        "best_delta": 0.0,
        "worst_delta": 0.46628486793384333,
        "delta_range": 0.46628486793384333,
        "median_z_score": -0.42676796449610543,
        "median_delta": 0.01133730907842803,
        "z_score_decay_rate": 0.01913041440070928,
        "delta_decay_rate": -0.0006707251580415906,
        "outlier_count": 2,
        "outlier_ratio": 0.03773584905660377
    },
    "Mark Webber": {
        "mean_z_score": -0.43196544354131766,
        "mean_delta": 0.03629959305196004,
        "var_z_score": 0.543680980004274,
        "var_delta": 0.0073480056469611265,
        "best_z_score": -1.6151871359260217,
        "worst_z_score": 2.609710620977374,
        "z_score_range": 4.224897756903395,
        "best_delta": 0.0,
        "worst_delta": 0.4613971858800294,
        "delta_range": 0.4613971858800294,
        "median_z_score": -0.4383610207439043,
        "median_delta": 0.013364928909952514,
        "z_score_decay_rate": 0.014025790733939626,
        "delta_decay_rate": -0.0007256988490658727,
        "outlier_count": 2,
        "outlier_ratio": 0.03773584905660377
    },
    "Nico Rosberg": {
        "mean_z_score": 0.1257760619272712,
        "mean_delta": 0.04357326512783211,
        "var_z_score": 0.6947784746737475,
        "var_delta": 0.006967628733211409,
        "best_z_score": -1.0596866202135704,
        "worst_z_score": 2.4045113147710735,
        "z_score_range": 3.464197934984644,
        "best_delta": 0.006063540855211839,
        "worst_delta": 0.4488373241175017,
        "delta_range": 0.4427737832622899,
        "median_z_score": -0.159328367164914,
        "median_delta": 0.021099494667102724,
        "z_score_decay_rate": 0.006747748866928548,
        "delta_decay_rate": -0.0006966388877521503,
        "outlier_count": 0,
        "outlier_ratio": 0.0
    },
    "Felipe Massa": {
        "mean_z_score": -0.26505374904300594,
        "mean_delta": 0.035517462410710764,
        "var_z_score": 0.9147021444875468,
        "var_delta": 0.006065158264522955,
        "best_z_score": -2.543945333759277,
        "worst_z_score": 2.518132260450379,
        "z_score_range": 5.062077594209656,
        "best_delta": 0.0,
        "worst_delta": 0.4415798568254752,
        "delta_range": 0.4415798568254752,
        "median_z_score": -0.4035769583775015,
        "median_delta": 0.01576954766846404,
        "z_score_decay_rate": 0.007626805402409927,
        "delta_decay_rate": -0.0008774779767760027,
        "outlier_count": 0,
        "outlier_ratio": 0.0
    },
    "Jarno Trulli": {
        "mean_z_score": -0.03956880507608338,
        "mean_delta": 0.04288255978603398,
        "var_z_score": 0.4377742051659135,
        "var_delta": 0.006422492329843781,
        "best_z_score": -0.8366730438222296,
        "worst_z_score": 2.7989094146348488,
        "z_score_range": 3.6355824584570784,
        "best_delta": 0.00512678398226404,
        "worst_delta": 0.43111330535670206,
        "delta_range": 0.42598652137443804,
        "median_z_score": -0.22895267257455118,
        "median_delta": 0.021304828603022595,
        "z_score_decay_rate": 0.005380051024922579,
        "delta_decay_rate": -0.0006967076354843151,
        "outlier_count": 2,
        "outlier_ratio": 0.03773584905660377
    },
    "Fernando Alonso": {
        "mean_z_score": -0.053355471357730874,
        "mean_delta": 0.03424996598239546,
        "var_z_score": 0.5934684672594138,
        "var_delta": 0.004938833585829128,
        "best_z_score": -1.3694626849634541,
        "worst_z_score": 4.168215020549064,
        "z_score_range": 5.537677705512518,
        "best_delta": 0.003480239601110973,
        "worst_delta": 0.41420883732411734,
        "delta_range": 0.41072859772300635,
        "median_z_score": -0.301561127756893,
        "median_delta": 0.019481945475650176,
        "z_score_decay_rate": -0.0027387967059394596,
        "delta_decay_rate": -0.0011085206857676993,
        "outlier_count": 1,
        "outlier_ratio": 0.018867924528301886
    },
    "Timo Glock": {
        "mean_z_score": 0.11897846881150516,
        "mean_delta": 0.0411242821740046,
        "var_z_score": 1.1119534131704822,
        "var_delta": 0.005562866724146577,
        "best_z_score": -1.1615874496769607,
        "worst_z_score": 4.056201683881564,
        "z_score_range": 5.217789133558525,
        "best_delta": 0.0,
        "worst_delta": 0.3979955566526782,
        "delta_range": 0.3979955566526782,
        "median_z_score": -0.25786768832091483,
        "median_delta": 0.020142778924314347,
        "z_score_decay_rate": -0.002497641209928503,
        "delta_decay_rate": -0.0009340840180707381,
        "outlier_count": 2,
        "outlier_ratio": 0.03773584905660377
    },
    "Nick Heidfeld": {
        "mean_z_score": -0.03979894238277049,
        "mean_delta": 0.03469434110998036,
        "var_z_score": 0.5327351761753777,
        "var_delta": 0.004268850724477084,
        "best_z_score": -0.7728437521076506,
        "worst_z_score": 4.171951248735788,
        "z_score_range": 4.944795000843439,
        "best_delta": 0.000840141983995128,
        "worst_delta": 0.38267094544556896,
        "delta_range": 0.38183080346157383,
        "median_z_score": -0.24374651227188107,
        "median_delta": 0.019220513035021425,
        "z_score_decay_rate": -0.00939421873146707,
        "delta_decay_rate": -0.001181361914771771,
        "outlier_count": 1,
        "outlier_ratio": 0.018867924528301886
    },
    "Robert Kubica": {
        "mean_z_score": -0.14097351710326858,
        "mean_delta": 0.03318893414982534,
        "var_z_score": 0.2079528199355654,
        "var_delta": 0.004197644698439026,
        "best_z_score": -0.6863796169384576,
        "worst_z_score": 2.2263194674790676,
        "z_score_range": 2.9126990844175253,
        "best_delta": 0.0023993545099371396,
        "worst_delta": 0.3707923969390273,
        "delta_range": 0.3683930424290902,
        "median_z_score": -0.28751171819760174,
        "median_delta": 0.018923036511689015,
        "z_score_decay_rate": -0.007062203206766551,
        "delta_decay_rate": -0.0010254736582507417,
        "outlier_count": 1,
        "outlier_ratio": 0.018867924528301886
    },
    "Kimi Räikkönen": {
        "mean_z_score": -0.16082409133241682,
        "mean_delta": 0.03656776745200587,
        "var_z_score": 0.7080048430440546,
        "var_delta": 0.005147323297785956,
        "best_z_score": -2.8962233153288635,
        "worst_z_score": 2.8607178143059047,
        "z_score_range": 5.756941129634768,
        "best_delta": 0.0,
        "worst_delta": 0.3355412869520624,
        "delta_range": 0.3355412869520624,
        "median_z_score": -0.31971229986142446,
        "median_delta": 0.01756343801170198,
        "z_score_decay_rate": -0.018031376224484374,
        "delta_decay_rate": -0.0012543679528872961,
        "outlier_count": 2,