{
    "Kimi Räikkönen": {
        "mean_z_score": -0.5341642328640064,
        "mean_delta": 0.019601936466594035,
        "var_z_score": 0.8511182632533993,
        "var_delta": 0.00300124966850616,
        "best_z_score": -1.6628558169093284,
        "worst_z_score": 3.9619679276798236,
        "z_score_range": 5.624823744589152,
        "best_delta": 0.0,
        "worst_delta": 0.2857443943563023,
        "delta_range": 0.2857443943563023,
        "median_z_score": -0.47248830688009297,
        "median_delta": 0.006189813135509058,
        "z_score_decay_rate": 0.020816266194901692,
        "delta_decay_rate": 0.00038273229761401085,
        "outlier_count": 2,
        "outlier_ratio": 0.03773584905660377
    },
    "Adrian Sutil": {
        "mean_z_score": -0.5071940191102582,
        "mean_delta": 0.019713042938388436,
        "var_z_score": 0.9127227599491091,
        "var_delta": 0.003197334387207036,
        "best_z_score": -1.6876982655254256,
        "worst_z_score": 4.075013543859925,
        "z_score_range": 5.762711809385351,
        "best_delta": 0.0,
        "worst_delta": 0.3052631578947368,
        "delta_range": 0.3052631578947368,
        "median_z_score": -0.49672735936465773,
        "median_delta": 0.005901123911870294,
        "z_score_decay_rate": 0.017951479588559992,
        "delta_decay_rate": 0.00028515720736800864,
        "outlier_count": 2,
        "outlier_ratio": 0.03773584905660377
    },
    "Rubens Barrichello": {
        "mean_z_score": -0.704916852327473,
        "mean_delta": 0.01283182997018957,
        "var_z_score": 0.547627159384649,
        "var_delta": 0.0016352759250788228,
        "best_z_score": -1.844844717222964,
        "worst_z_score": 3.8394959585884636,
        "z_score_range": 5.684340675811428,
        "best_delta": 0.0,
        "worst_delta": 0.2993749340338451,
        "delta_range": 0.2993749340338451,
        "median_z_score": -0.7888769324258204,
        "median_delta": 0.005264459597922514,
        "z_score_decay_rate": 0.0041631275402846165,
        "delta_decay_rate": -0.00015849045788937522,
        "outlier_count": 1,
        "outlier_ratio": 0.018867924528301886
    },
    "Jenson Button": {
        "mean_z_score": -0.7183930223472211,
        "mean_delta": 0.013473010228944326,
        "var_z_score": 0.605184120743706,
        "var_delta": 0.0017204439990091468,
        "best_z_score": -1.9042978026073625,
        "worst_z_score": 3.8345384269553033,
        "z_score_range": 5.738836229562666,
        "best_delta": 0.0,
        "worst_delta": 0.30490214527662785,
        "delta_range": 0.30490214527662785,
        "median_z_score": -0.6848077236677835,
        "median_delta": 0.0038982911116607556,
        "z_score_decay_rate": -0.0033601355764365554,
        "delta_decay_rate": -0.00028315501079083686,
        "outlier_count": 1,
        "outlier_ratio": 0.018867924528301886
    },
    "Heikki Kovalainen": {
        "mean_z_score": -0.31547255906421906,
        "mean_delta": 0.026193795639855667,
        "var_z_score": 0.2495583085895922,
        "var_delta": 0.00291244925113078,
        "best_z_score": -1.3682152711071092,
        "worst_z_score": 2.6534584743425715,
        "z_score_range": 4.0216737454496805,
        "best_delta": 0.0023408459982119942,
        "worst_delta": 0.3258218607326033,
        "delta_range": 0.3234810147343913,
        "median_z_score": -0.3892424294699831,
        "median_delta": 0.013486413903906268,
        "z_score_decay_rate": -0.0045202092617770764,
        "delta_decay_rate": 0.000107324574637464,
        "outlier_count": 1,
        "outlier_ratio": 0.018867924528301886
    },
    "Sebastian Vettel": {
        "mean_z_score": -0.10134084998445617,
        "mean_delta": 0.03163757908885997,
        "var_z_score": 0.49601690334240744,
        "var_delta": 0.003963723174993139,
        "best_z_score": -1.0569246343086023,
        "worst_z_score": 3.3434787373596735,
        "z_score_range": 4.4004033716682756,
        "best_delta": 0.0027231005786588647,
        "worst_delta": 0.3607814878953058,
        "delta_range": 0.3580583873166469,
        "median_z_score": -0.277007710390851,
        "median_delta": 0.016484547202551304,
        "z_score_decay_rate": -0.005460078654449709,
        "delta_decay_rate": 0.00031368080608642893,
        "outlier_count": 2,
        "outlier_ratio": 0.03773584905660377
    },
    "Fernando Alonso": {
        "mean_z_score": -0.2169627355455054,
        "mean_delta": 0.025869844511364676,
        "var_z_score": 0.5317399431842523,
        "var_delta": 0.0029510715557558875,
        "best_z_score": -1.0446222960655336,
        "worst_z_score": 3.7841711229043593,
        "z_score_range": 4.828793418969893,
        "best_delta": 0.002836695779090841,
        "worst_delta": 0.3210743655807715,
        "delta_range": 0.31823766980168067,
        "median_z_score": -0.3266124687845467,
        "median_delta": 0.013781101547434402,
        "z_score_decay_rate": 0.003626629811433684,
        "delta_decay_rate": 0.0002143555271431707,
        "outlier_count": 2,
        "outlier_ratio": 0.03773584905660377
    },
    "Giancarlo Fisichella": {
        "mean_z_score": 0.14156085200775648,
        "mean_delta": 0.03197328373955255,
        "var_z_score": 0.4764492061903001,
        "var_delta": 0.002829715030617338,
        "best_z_score": -0.5957087106510232,
        "worst_z_score": 3.8188693902284507,
        "z_score_range": 4.414578100879474,
        "best_delta": 0.0034623194018990142,
        "worst_delta": 0.33487031700288195,
        "delta_range": 0.33140799760098294,
        "median_z_score": -0.09995363489277644,
        "median_delta": 0.01970992062096213,
        "z_score_decay_rate": 0.001479037204594685,
        "delta_decay_rate": 0.00015933131589225481,
        "outlier_count": 1,
        "outlier_ratio": 0.018867924528301886
    },
    "Nick Heidfeld": {
        "mean_z_score": 0.04971831850213837,
        "mean_delta": 0.030976575091425002,
        "var_z_score": 0.40047682116162225,
        "var_delta": 0.0035853966654769594,
        "best_z_score": -0.4906904808163088,
        "worst_z_score": 3.830802729617256,
        "z_score_range": 4.321493210433565,
        "best_delta": 0.0025448276670849263,
        "worst_delta": 0.34484722399786155,
        "delta_range": 0.34230239633077664,
        "median_z_score": -0.14314791449891226,
        "median_delta": 0.015113202687832138,
        "z_score_decay_rate": 0.0015979641026843032,
        "delta_decay_rate": 0.0003528977343946617,
        "outlier_count": 1,
        "outlier_ratio": 0.018867924528301886
    },
    "Kazuki Nakajima": {
        "mean_z_score": 0.4091000198289391,
        "mean_delta": 0.04850193686120812,
        "var_z_score": 0.4715648427879075,
        "var_delta": 0.017303930991559847,
        "best_z_score": -0.3545710056760791,
        "worst_z_score": 2.615758169294205,
        "z_score_range": 2.970329174970284,
        "best_delta": 0.012462413080248157,
        "worst_delta": 0.9522204530398299,
        "delta_range": 0.9397580399595817,
        "median_z_score": 0.2488139147439435,
        "median_delta": 0.021537271085891194,
        "z_score_decay_rate": 0.009325078931781538,
        "delta_decay_rate": 0.0016966200093015092,
        "outlier_count": 1,
        "outlier_ratio": 0.018867924528301886
    },
    "Timo Glock": {
        "mean_z_score": 0.3929607087308773,
        "mean_delta": 0.048845798472928324,
        "var_z_score": 0.5615067202686982,
        "var_delta": 0.017422795979413486,
        "best_z_score": -0.38820525575472614,
        "worst_z_score": 3.8482503301650706,
        "z_score_range": 4.2364555859197965,
        "best_delta": 0.004545507659589335,
        "worst_delta": 0.9569275113027511,
        "delta_range": 0.9523820036431617,
        "median_z_score": 0.10602967490516903,
        "median_delta": 0.020870833774515006,
        "z_score_decay_rate": -0.00020905107451941576,