{
    "Jenson Button": {
        "mean_z_score": -0.8329590013150018,
        "mean_delta": 0.007494920618519321,
        "var_z_score": 0.2388177275916871,
        "var_delta": 0.000889592563113682,
        "best_z_score": -1.797800077061627,
        "worst_z_score": 1.5818622186601201,
        "z_score_range": 3.3796622957217473,
        "best_delta": 0.0,
        "worst_delta": 0.21722056151456537,
        "delta_range": 0.21722056151456537,
        "median_z_score": -0.8082878366817856,
        "median_delta": 0.0018976869048034123,
        "z_score_decay_rate": 0.017719687102664822,
        "delta_decay_rate": 0.00030572600366019913,
        "outlier_count": 1,
        "outlier_ratio": 0.018867924528301886
    },
    "Fernando Alonso": {
        "mean_z_score": -0.8507821128179932,
        "mean_delta": 0.0068331637223976735,
        "var_z_score": 0.36485593740301686,
        "var_delta": 0.0009277351078737797,
        "best_z_score": -1.6330492694389218,
        "worst_z_score": 2.7537005676033255,
        "z_score_range": 4.386749837042247,
        "best_delta": 0.0,
        "worst_delta": 0.22237468627588974,
        "delta_range": 0.22237468627588974,
        "median_z_score": -0.9338439659273556,
        "median_delta": 0.0011499143313824102,
        "z_score_decay_rate": 0.01492092999103864,
        "delta_decay_rate": 0.0002619008891331542,
        "outlier_count": 1,
        "outlier_ratio": 0.018867924528301886
    },
    "Felipe Massa": {
        "mean_z_score": -0.7793221214237355,
        "mean_delta": 0.0077700612142941865,
        "var_z_score": 0.5579487117491636,
        "var_delta": 0.0011216802563429348,
        "best_z_score": -1.4178470237182235,
        "worst_z_score": 4.17506427738988,
        "z_score_range": 5.592911301108103,
        "best_delta": 0.0,
        "worst_delta": 0.24524969979515424,
        "delta_range": 0.24524969979515424,
        "median_z_score": -0.8167460592643939,
        "median_delta": 0.0017643235212183236,
        "z_score_decay_rate": 0.015698625167757076,
        "delta_decay_rate": 0.00025353140893344194,
        "outlier_count": 1,
        "outlier_ratio": 0.018867924528301886
    },
    "Nico Rosberg": {
        "mean_z_score": -0.541188590690334,
        "mean_delta": 0.013379230890264895,
        "var_z_score": 0.3006652786884554,
        "var_delta": 0.0009917262721043979,
        "best_z_score": -1.0117185263594073,
        "worst_z_score": 2.477384859897127,
        "z_score_range": 3.4891033862565344,
        "best_delta": 0.0011578362356429294,
        "worst_delta": 0.23437902677881117,
        "delta_range": 0.23322119054316826,
        "median_z_score": -0.6571134323116735,
        "median_delta": 0.007416217728958347,
        "z_score_decay_rate": 0.010408601162735422,
        "delta_decay_rate": 0.00014479269203696759,
        "outlier_count": 2,
        "outlier_ratio": 0.03773584905660377
    },
    "Robert Kubica": {
        "mean_z_score": -0.5265687850477164,
        "mean_delta": 0.01424285098581901,
        "var_z_score": 0.30831301806744354,
        "var_delta": 0.0010543959241929859,
        "best_z_score": -1.1270190393457817,
        "worst_z_score": 2.877987139581232,
        "z_score_range": 4.0050061789270135,
        "best_delta": 0.00010623354855480532,
        "worst_delta": 0.24204489824463257,
        "delta_range": 0.24193866469607778,
        "median_z_score": -0.588937260220177,
        "median_delta": 0.00879437904238984,
        "z_score_decay_rate": 0.006112471001928433,
        "delta_decay_rate": 5.947431010241151e-05,
        "outlier_count": 1,
        "outlier_ratio": 0.018867924528301886
    },
    "Nico Hülkenberg": {
        "mean_z_score": -0.5635908416755863,
        "mean_delta": 0.013996083808083393,
        "var_z_score": 0.13606165410670007,
        "var_delta": 0.0010063263942087348,
        "best_z_score": -1.00331945952901,
        "worst_z_score": 1.781077444765128,
        "z_score_range": 2.7843969042941383,
        "best_delta": 0.0010188958873657845,
        "worst_delta": 0.23526170798898055,
        "delta_range": 0.23424281210161477,
        "median_z_score": -0.6501364534185811,
        "median_delta": 0.00845293754153592,
        "z_score_decay_rate": 0.004825190271539541,
        "delta_decay_rate": 9.029820890201255e-05,
        "outlier_count": 1,
        "outlier_ratio": 0.018867924528301886
    },
    "Sebastian Vettel": {
        "mean_z_score": -0.46703119986084957,
        "mean_delta": 0.012996109907040374,
        "var_z_score": 0.5911114536366414,
        "var_delta": 0.0008220728569080589,
        "best_z_score": -1.043249460581292,
        "worst_z_score": 3.4491609387765574,
        "z_score_range": 4.4924103993578495,
        "best_delta": 0.0,
        "worst_delta": 0.20849676291290575,
        "delta_range": 0.20849676291290575,
        "median_z_score": -0.6463278234546097,
        "median_delta": 0.007035327061709586,
        "z_score_decay_rate": 0.014290334572510492,
        "delta_decay_rate": 0.00026560135967624454,
        "outlier_count": 2,
        "outlier_ratio": 0.03773584905660377
    },
    "Michael Schumacher": {
        "mean_z_score": -0.41717637842668254,
        "mean_delta": 0.01664518209759839,
        "var_z_score": 0.11858431335766195,
        "var_delta": 0.0009335472472210155,
        "best_z_score": -0.7558108961444542,
        "worst_z_score": 1.697585683337103,
        "z_score_range": 2.453396579481557,
        "best_delta": 0.003342481176553501,
        "worst_delta": 0.2277006037160775,
        "delta_range": 0.224358122539524,
        "median_z_score": -0.4715010813587918,
        "median_delta": 0.010911544367409641,
        "z_score_decay_rate": 0.00316687740484476,
        "delta_decay_rate": 3.587601018104563e-05,
        "outlier_count": 1,
        "outlier_ratio": 0.018867924528301886
    },
    "Mark Webber": {
        "mean_z_score": -0.5365795782933039,
        "mean_delta": 0.013626764062888742,
        "var_z_score": 0.24556982659834112,
        "var_delta": 0.0008997268886175513,
        "best_z_score": -1.0413474139487167,
        "worst_z_score": 2.2602598848196584,
        "z_score_range": 3.301607298768375,
        "best_delta": 0.0,
        "worst_delta": 0.2188927676123983,
        "delta_range": 0.2188927676123983,
        "median_z_score": -0.6231628676513842,
        "median_delta": 0.008726672709103218,
        "z_score_decay_rate": 0.003804699882304942,
        "delta_decay_rate": -1.4395494414273072e-05,
        "outlier_count": 2,
        "outlier_ratio": 0.03773584905660377
    },
    "Sébastien Buemi": {
        "mean_z_score": -0.20553325020263394,
        "mean_delta": 0.021018235857619038,
        "var_z_score": 0.3248649202922091,
        "var_delta": 0.0011280154609783076,
        "best_z_score": -0.63676540670187,
        "worst_z_score": 3.0184570658998724,
        "z_score_range": 3.6552224726017424,
        "best_delta": 0.00767366242979605,
        "worst_delta": 0.2518241368860294,
        "delta_range": 0.24415047445623334,
        "median_z_score": -0.33093756002801084,
        "median_delta": 0.015081567101460816,
        "z_score_decay_rate": -0.00015866271908702133,
        "delta_decay_rate": -6.694289119777042e-05,
        "outlier_count": 2,
        "outlier_ratio": 0.03773584905660377
    },
    "Rubens Barrichello": {
        "mean_z_score": -0.22768844935468263,
        "mean_delta": 0.020858350202583337,
        "var_z_score": 0.25096752104946396,
        "var_delta": 0.0010852661994016838,
        "best_z_score": -0.8191294258457965,
        "worst_z_score": 3.1394485831397967,
        "z_score_range": 3.9585780089855933,
        "best_delta": 0.007605189423371083,
        "worst_delta": 0.24729669504843682,
        "delta_range": 0.23969150562506575,
        "median_z_score": -0.30112156778272997,
        "median_delta": 0.0154109589041095,
        "z_score_decay_rate": -0.000325051420683428,