{
    "Fernando Alonso": {
        "mean_z_score": -0.6733249265306429,
        "mean_delta": 0.025426710472576573,
        "var_z_score": 0.4725796821709401,
        "var_delta": 0.005600106136464387,
        "best_z_score": -1.4166334017947166,
        "worst_z_score": 2.530044611265478,
        "z_score_range": 3.9466780130601946,
        "best_delta": 0.0,
        "worst_delta": 0.4804316195290845,
        "delta_range": 0.4804316195290845,
        "median_z_score": -0.7593053394252334,
        "median_delta": 0.0063325388875454264,
        "z_score_decay_rate": 0.0033480753079164916,
        "delta_decay_rate": -0.0009950614666606806,
        "outlier_count": 2,
        "outlier_ratio": 0.03773584905660377
    },
    "Sebastian Vettel": {
        "mean_z_score": -0.8254980739869054,
        "mean_delta": 0.021805410663176795,
        "var_z_score": 0.6662457922782007,
        "var_delta": 0.0057360642761569965,
        "best_z_score": -1.9613904284898096,
        "worst_z_score": 2.267629322324571,
        "z_score_range": 4.2290197508143805,
        "best_delta": 0.0,
        "worst_delta": 0.4795076308718419,
        "delta_range": 0.4795076308718419,
        "median_z_score": -0.9201963017759861,
        "median_delta": 0.0,
        "z_score_decay_rate": 0.014249018411189612,
        "delta_decay_rate": -0.0007798740628659322,
        "outlier_count": 2,
        "outlier_ratio": 0.03773584905660377
    },
    "Lewis Hamilton": {
        "mean_z_score": -0.6559983275352858,
        "mean_delta": 0.025403752231137902,
        "var_z_score": 0.5063572444913623,
        "var_delta": 0.005503371980722483,
        "best_z_score": -1.5652062466995837,
        "worst_z_score": 2.4243466601836126,
        "z_score_range": 3.9895529068831963,
        "best_delta": 0.0,
        "worst_delta": 0.4808458213409517,
        "delta_range": 0.4808458213409517,
        "median_z_score": -0.8328556433704176,
        "median_delta": 0.007944206582820468,
        "z_score_decay_rate": -0.010504807036978524,
        "delta_decay_rate": -0.0012656523739410102,
        "outlier_count": 2,
        "outlier_ratio": 0.03773584905660377
    },
    "Michael Schumacher": {
        "mean_z_score": -0.47141444545377736,
        "mean_delta": 0.028677800071347556,
        "var_z_score": 0.5626530865469748,
        "var_delta": 0.005495339994340374,
        "best_z_score": -1.6243967483868256,
        "worst_z_score": 2.4713716905774885,
        "z_score_range": 4.095768438964314,
        "best_delta": 0.0,
        "worst_delta": 0.47336894760878123,
        "delta_range": 0.47336894760878123,
        "median_z_score": -0.6256184971710592,
        "median_delta": 0.010906512392229183,
        "z_score_decay_rate": 0.004334648750235398,
        "delta_decay_rate": -0.0009888865043813605,
        "outlier_count": 2,
        "outlier_ratio": 0.03773584905660377
    },
    "Felipe Massa": {
        "mean_z_score": -0.5306370468407514,
        "mean_delta": 0.030832963512223185,
        "var_z_score": 0.48937888592015705,
        "var_delta": 0.005521012629455303,
        "best_z_score": -1.3355504119046417,
        "worst_z_score": 2.3403563804353285,
        "z_score_range": 3.67590679233997,
        "best_delta": 0.000817473201846775,
        "worst_delta": 0.4656690421317586,
        "delta_range": 0.4648515689299118,
        "median_z_score": -0.7082861406420976,
        "median_delta": 0.009570580173595179,
        "z_score_decay_rate": -0.0032737497257184175,
        "delta_decay_rate": -0.0011097475530432322,
        "outlier_count": 2,
        "outlier_ratio": 0.03773584905660377
    },
    "Jenson Button": {
        "mean_z_score": -0.6598791010989203,
        "mean_delta": 0.023582830723400467,
        "var_z_score": 0.8384949953100845,
        "var_delta": 0.00508186883311401,
        "best_z_score": -1.5460345870482708,
        "worst_z_score": 3.6425543427051417,
        "z_score_range": 5.188588929753412,
        "best_delta": 0.0,
        "worst_delta": 0.46287583504147345,
        "delta_range": 0.46287583504147345,
        "median_z_score": -0.8811991183038639,
        "median_delta": 0.004609679170950945,
        "z_score_decay_rate": -0.007950252356545751,
        "delta_decay_rate": -0.001245084656514701,
        "outlier_count": 2,
        "outlier_ratio": 0.03773584905660377
    }
}