{
    "Lewis Hamilton": {
        "mean_z_score": -0.6718647754432298,
        "mean_delta": 0.010513280777629377,
        "var_z_score": 0.37101295188049094,
        "var_delta": 0.0007047087973397501,
        "best_z_score": -1.975313503732446,
        "worst_z_score": 1.9132310043529923,
        "z_score_range": 3.888544508085438,
        "best_delta": 0.0,
        "worst_delta": 0.19254178880708903,
        "delta_range": 0.19254178880708903,
        "median_z_score": -0.5436003927497179,
        "median_delta": 0.003637180062864819,
        "z_score_decay_rate": 0.022289093296469775,
        "delta_decay_rate": 0.000282641434392961,
        "outlier_count": 1,
        "outlier_ratio": 0.018867924528301886
    },
    "Felipe Massa": {
        "mean_z_score": -0.3229880652853615,
        "mean_delta": 0.01680457914167983,
        "var_z_score": 0.6759811049478122,
        "var_delta": 0.0009457362021406471,
        "best_z_score": -1.5993436459495343,
        "worst_z_score": 3.0233781573146303,
        "z_score_range": 4.622721803264165,
        "best_delta": 0.0,
        "worst_delta": 0.2151171209302844,
        "delta_range": 0.2151171209302844,
        "median_z_score": -0.4242054494535404,
        "median_delta": 0.007976569520407463,
        "z_score_decay_rate": 0.03433911977438179,
        "delta_decay_rate": 0.00042491221045708633,
        "outlier_count": 1,
        "outlier_ratio": 0.018867924528301886
    },
    "Michael Schumacher": {
        "mean_z_score": -0.362568467167997,
        "mean_delta": 0.017037168523593955,
        "var_z_score": 1.1986629827413313,
        "var_delta": 0.0015534693402734056,
        "best_z_score": -1.3616882809459971,
        "worst_z_score": 4.497415003780432,
        "z_score_range": 5.859103284726429,
        "best_delta": 0.0,
        "worst_delta": 0.21797839506172834,
        "delta_range": 0.21797839506172834,
        "median_z_score": -0.526699485144769,
        "median_delta": 0.0071717689983467866,
        "z_score_decay_rate": -0.00672301552215089,
        "delta_decay_rate": -0.00012144450511812198,
        "outlier_count": 2,
        "outlier_ratio": 0.03773584905660377
    },
    "Kimi Räikkönen": {
        "mean_z_score": -0.2604989534852413,
        "mean_delta": 0.016954609892134806,
        "var_z_score": 0.4397245531342851,
        "var_delta": 0.0007790871933446561,
        "best_z_score": -0.8339336727402185,
        "worst_z_score": 2.950216616887603,
        "z_score_range": 3.7841502896278216,
        "best_delta": 0.0,
        "worst_delta": 0.20199838268363757,
        "delta_range": 0.20199838268363757,
        "median_z_score": -0.38815781897571405,
        "median_delta": 0.010577200257223246,
        "z_score_decay_rate": 0.005216261874670419,
        "delta_decay_rate": -1.0190022672064405e-05,
        "outlier_count": 2,
        "outlier_ratio": 0.03773584905660377
    },
    "Fernando Alonso": {
        "mean_z_score": -0.43537284564791995,
        "mean_delta": 0.0148270134496262,
        "var_z_score": 0.3526244322194717,
        "var_delta": 0.0008537665894273668,
        "best_z_score": -1.2497807400840075,
        "worst_z_score": 2.4373961143210403,
        "z_score_range": 3.687176854405048,
        "best_delta": 0.0,
        "worst_delta": 0.21022778025904423,
        "delta_range": 0.21022778025904423,
        "median_z_score": -0.5031168743642297,
        "median_delta": 0.007191215415129264,
        "z_score_decay_rate": 0.017705376900964565,
        "delta_decay_rate": 0.00017459778219329827,
        "outlier_count": 1,
        "outlier_ratio": 0.018867924528301886
    },
    "Kamui Kobayashi": {
        "mean_z_score": -0.18379415788925482,
        "mean_delta": 0.01971077370545172,
        "var_z_score": 0.23444647775245317,
        "var_delta": 0.0008734950128845584,
        "best_z_score": -0.6540308984348562,
        "worst_z_score": 2.610827470147059,
        "z_score_range": 3.2648583685819155,
        "best_delta": 0.0033836630093522983,
        "worst_delta": 0.2219071013845466,
        "delta_range": 0.2185234383751943,
        "median_z_score": -0.2856538454296382,
        "median_delta": 0.01323751040331114,
        "z_score_decay_rate": 0.003435516826612933,
        "delta_decay_rate": -7.190777798641138e-05,
        "outlier_count": 1,
        "outlier_ratio": 0.018867924528301886
    },
    "Paul di Resta": {
        "mean_z_score": -0.16037768165070598,
        "mean_delta": 0.019084150236233853,
        "var_z_score": 0.2709957074950324,
        "var_delta": 0.000722226932240322,
        "best_z_score": -0.6722628729433594,
        "worst_z_score": 2.9699317691429883,
        "z_score_range": 3.6421946420863476,
        "best_delta": 0.003438620071684612,
        "worst_delta": 0.200634575488967,
        "delta_range": 0.19719595541728238,
        "median_z_score": -0.3014724295659492,
        "median_delta": 0.013229614917797774,
        "z_score_decay_rate": 0.0009930228040194854,
        "delta_decay_rate": -5.754660031037626e-05,
        "outlier_count": 1,
        "outlier_ratio": 0.018867924528301886
    },
    "Bruno Senna": {
        "mean_z_score": -0.2216184219650174,
        "mean_delta": 0.02058698005270489,
        "var_z_score": 0.3367392918613063,
        "var_delta": 0.0010106365322139058,
        "best_z_score": -1.000662156450808,
        "worst_z_score": 3.2265008621339653,
        "z_score_range": 4.227163018584774,
        "best_delta": 0.004278673835125504,
        "worst_delta": 0.22894318410857067,
        "delta_range": 0.22466451027344517,
        "median_z_score": -0.32091839562091207,
        "median_delta": 0.01280432822362484,
        "z_score_decay_rate": -0.005188445914461114,
        "delta_decay_rate": -0.00015492389093353634,
        "outlier_count": 1,
        "outlier_ratio": 0.018867924528301886
    },
    "Nico Rosberg": {
        "mean_z_score": -0.36057152937293485,
        "mean_delta": 0.01746888812999874,
        "var_z_score": 1.2635539493153385,
        "var_delta": 0.0017509848617455266,
        "best_z_score": -1.7123584464997785,
        "worst_z_score": 4.516310255173574,
        "z_score_range": 6.228668701673352,
        "best_delta": 0.0,
        "worst_delta": 0.2184618536985179,
        "delta_range": 0.2184618536985179,
        "median_z_score": -0.5108936573712665,
        "median_delta": 0.006977060785514883,
        "z_score_decay_rate": -0.02370165588734222,
        "delta_decay_rate": -0.00035691646349046084,
        "outlier_count": 2,
        "outlier_ratio": 0.03773584905660377
    },
    "Sergio Pérez": {
        "mean_z_score": -0.6056902047325567,
        "mean_delta": 0.011304679791292302,
        "var_z_score": 0.9157930307631483,
        "var_delta": 0.0009405719798152986,
        "best_z_score": -1.7971433049905,
        "worst_z_score": 4.51979344227615,
        "z_score_range": 6.3169367472666496,
        "best_delta": 0.0,
        "worst_delta": 0.21358033022900066,
        "delta_range": 0.21358033022900066,
        "median_z_score": -0.6642410422169984,
        "median_delta": 0.004993589311019666,
        "z_score_decay_rate": -0.012743812486976468,
        "delta_decay_rate": -0.00022722008421138738,
        "outlier_count": 2,
        "outlier_ratio": 0.03773584905660377
    },
    "Daniel Ricciardo": {
        "mean_z_score": -0.13758617861223166,
        "mean_delta": 0.021053871035253975,
        "var_z_score": 0.45557124359906226,
        "var_delta": 0.0010102134926861773,
        "best_z_score": -0.8684894586184068,
        "worst_z_score": 3.158704980492136,
        "z_score_range": 4.027194439110543,
        "best_delta": 0.0007168458781361218,
        "worst_delta": 0.22483371777932049,
        "delta_range": 0.22411687190118437,
        "median_z_score": -0.31980521533785705,
        "median_delta": 0.014257231646598884,
        "z_score_decay_rate": -0.003806154992808918,
        "delta_decay_rate": -8.201022625288157e-05,
        "outlier_count": 2,