{
    "Sebastian Vettel": {
        "mean_z_score": -0.6159443195081404,
        "mean_delta": 0.010764025778532305,
        "var_z_score": 0.4983349743973377,
        "var_delta": 0.0010292486307841744,
        "best_z_score": -1.8380238667983535,
        "worst_z_score": 2.38776333213915,
        "z_score_range": 4.225787198937503,
        "best_delta": 0.0,
        "worst_delta": 0.23091256135248153,
        "delta_range": 0.23091256135248153,
        "median_z_score": -0.6418550648632942,
        "median_delta": 0.004060043532688983,
        "z_score_decay_rate": 0.02295897097322999,
        "delta_decay_rate": 0.00018526528995658985,
        "outlier_count": 2,
        "outlier_ratio": 0.03773584905660377
    },
    "Felipe Massa": {
        "mean_z_score": -0.5226027941212465,
        "mean_delta": 0.012742314689729096,
        "var_z_score": 0.17638898542951847,
        "var_delta": 0.001119001869168761,
        "best_z_score": -1.4991304816084416,
        "worst_z_score": 1.8417779020757723,
        "z_score_range": 3.340908383684214,
        "best_delta": 0.00017058054244613143,
        "worst_delta": 0.2464297537643124,
        "delta_range": 0.24625917322186627,
        "median_z_score": -0.5698238377772388,
        "median_delta": 0.006932748875302793,
        "z_score_decay_rate": -0.0015969608264217727,
        "delta_decay_rate": -6.91596350587286e-05,
        "outlier_count": 1,
        "outlier_ratio": 0.018867924528301886
    },
    "Mark Webber": {
        "mean_z_score": -0.539891875414782,
        "mean_delta": 0.012062070920847491,
        "var_z_score": 0.2158105630260821,
        "var_delta": 0.0009880006839391865,
        "best_z_score": -1.2882502857409202,
        "worst_z_score": 2.090390871305454,
        "z_score_range": 3.378641157046374,
        "best_delta": 0.0,
        "worst_delta": 0.22984457371387043,
        "delta_range": 0.22984457371387043,
        "median_z_score": -0.5693363313622829,
        "median_delta": 0.006105313799383756,
        "z_score_decay_rate": -0.00488376009827521,
        "delta_decay_rate": -0.00013346300206840706,
        "outlier_count": 1,
        "outlier_ratio": 0.018867924528301886
    },
    "Fernando Alonso": {
        "mean_z_score": -0.6096466160485196,
        "mean_delta": 0.011890470704216585,
        "var_z_score": 0.34512942958611365,
        "var_delta": 0.0011645959716891864,
        "best_z_score": -1.2998152574179958,
        "worst_z_score": 3.0405111782435554,
        "z_score_range": 4.340326435661551,
        "best_delta": 0.0005931529998992453,
        "worst_delta": 0.25020753965997605,
        "delta_range": 0.24961438666007682,
        "median_z_score": -0.6430498788374157,
        "median_delta": 0.005477651183172589,
        "z_score_decay_rate": 0.004137225127806382,
        "delta_decay_rate": 2.9852437001014258e-05,
        "outlier_count": 1,
        "outlier_ratio": 0.018867924528301886
    },
    "Nico Hülkenberg": {
        "mean_z_score": -0.5223100796194982,
        "mean_delta": 0.01292155044155212,
        "var_z_score": 0.24416613448794244,
        "var_delta": 0.0011726919150331298,
        "best_z_score": -1.401537917480877,
        "worst_z_score": 1.8948326206707116,
        "z_score_range": 3.2963705381515886,
        "best_delta": 0.0,
        "worst_delta": 0.2515211360860284,
        "delta_range": 0.2515211360860284,
        "median_z_score": -0.5060645202497228,
        "median_delta": 0.006969403741590683,
        "z_score_decay_rate": -0.010017957974440508,
        "delta_decay_rate": -0.0002085258836930066,
        "outlier_count": 1,
        "outlier_ratio": 0.018867924528301886
    },
    "Nico Rosberg": {
        "mean_z_score": -0.4874027186636894,
        "mean_delta": 0.013040731699597002,
        "var_z_score": 0.5986959266290386,
        "var_delta": 0.001140954679721148,
        "best_z_score": -1.3757161098253403,
        "worst_z_score": 4.133376602824809,
        "z_score_range": 5.509092712650149,
        "best_delta": 0.0,
        "worst_delta": 0.24767978135853785,
        "delta_range": 0.24767978135853785,
        "median_z_score": -0.49493017032449427,
        "median_delta": 0.007359953327125309,
        "z_score_decay_rate": -0.012248479823776937,
        "delta_decay_rate": -0.0002000998370919907,
        "outlier_count": 1,
        "outlier_ratio": 0.018867924528301886
    },
    "Daniel Ricciardo": {
        "mean_z_score": -0.22506557351534762,
        "mean_delta": 0.017636719619559052,
        "var_z_score": 0.15641422484666476,
        "var_delta": 0.0011134360134675964,
        "best_z_score": -0.7010528952760103,
        "worst_z_score": 2.166797215506063,
        "z_score_range": 2.8678501107820735,
        "best_delta": 0.004250880459409193,
        "worst_delta": 0.24918200408997965,
        "delta_range": 0.24493112363057046,
        "median_z_score": -0.2653237796018694,
        "median_delta": 0.01169804221034344,
        "z_score_decay_rate": 0.003385061074940835,
        "delta_decay_rate": -7.368448154790133e-05,
        "outlier_count": 1,
        "outlier_ratio": 0.018867924528301886
    },
    "Sergio Pérez": {
        "mean_z_score": -0.14081087735695078,
        "mean_delta": 0.019247624391233575,
        "var_z_score": 0.23973343518530127,
        "var_delta": 0.0012581252665968888,
        "best_z_score": -0.8878763563738613,
        "worst_z_score": 2.3191040808826218,
        "z_score_range": 3.206980437256483,
        "best_delta": 0.001704838601135075,
        "worst_delta": 0.2624176323562827,
        "delta_range": 0.2607127937551476,
        "median_z_score": -0.2576710797755701,
        "median_delta": 0.01080422695643346,
        "z_score_decay_rate": 0.01043735378942216,
        "delta_decay_rate": 2.3639486075379462e-05,
        "outlier_count": 1,
        "outlier_ratio": 0.018867924528301886
    },
    "Lewis Hamilton": {
        "mean_z_score": -0.28421254045803873,
        "mean_delta": 0.017817764124212154,
        "var_z_score": 1.2749819458710103,
        "var_delta": 0.002107260434865649,
        "best_z_score": -1.567356741226306,
        "worst_z_score": 4.4110028950094655,
        "z_score_range": 5.978359636235772,
        "best_delta": 0.0,
        "worst_delta": 0.24058901434375624,
        "delta_range": 0.24058901434375624,
        "median_z_score": -0.5186919396765886,
        "median_delta": 0.004747991234477685,
        "z_score_decay_rate": -0.01614977587712091,
        "delta_decay_rate": -0.00028801112658155835,
        "outlier_count": 2,
        "outlier_ratio": 0.03773584905660377
    },
    "Jenson Button": {
        "mean_z_score": -0.08497352964085676,
        "mean_delta": 0.01890076446101544,
        "var_z_score": 0.4263189966557305,
        "var_delta": 0.0009852224496240834,
        "best_z_score": -0.6588462811175226,
        "worst_z_score": 3.9332918953379425,
        "z_score_range": 4.592138176455466,
        "best_delta": 0.0037125103748402058,
        "worst_delta": 0.22861514052583864,
        "delta_range": 0.22490263015099843,
        "median_z_score": -0.20885505490949371,
        "median_delta": 0.011371345130097896,
        "z_score_decay_rate": 0.007621419248568261,
        "delta_decay_rate": -5.448157268424655e-05,
        "outlier_count": 1,
        "outlier_ratio": 0.018867924528301886
    },
    "Romain Grosjean": {
        "mean_z_score": -0.14840911050482278,
        "mean_delta": 0.01775165563381156,
        "var_z_score": 0.6906702946936174,
        "var_delta": 0.001379233707207812,
        "best_z_score": -0.708654787075723,
        "worst_z_score": 4.246564106544523,
        "z_score_range": 4.955218893620246,
        "best_delta": 0.002470091404764872,
        "worst_delta": 0.2695390895175464,
        "delta_range": 0.2670689981127815,
        "median_z_score": -0.3632239746578214,
        "median_delta": 0.00969359706499427,
        "z_score_decay_rate": -0.005147744919164987,