{
    "Nico Rosberg": {
        "mean_z_score": -1.0037112598643783,
        "mean_delta": 0.007984366303821306,
        "var_z_score": 0.4347937437715596,
        "var_delta": 0.000985305980603983,
        "best_z_score": -1.9469931007755508,
        "worst_z_score": 1.684002990269735,
        "z_score_range": 3.6309960910452856,
        "best_delta": 0.0,
        "worst_delta": 0.22573832552601128,
        "delta_range": 0.22573832552601128,
        "median_z_score": -1.0973925106681484,
        "median_delta": 0.0012872338023080365,
        "z_score_decay_rate": 0.008743729377715804,
        "delta_decay_rate": -3.907408927347078e-05,
        "outlier_count": 1,
        "outlier_ratio": 0.018867924528301886
    },
    "Kevin Magnussen": {
        "mean_z_score": -0.2313746051349159,
        "mean_delta": 0.020265906029479124,
        "var_z_score": 0.2765546434240929,
        "var_delta": 0.0009320672517978629,
        "best_z_score": -1.5042969371560773,
        "worst_z_score": 2.1435865627048463,
        "z_score_range": 3.6478834998609235,
        "best_delta": 0.0027887959290246412,
        "worst_delta": 0.2271630857193907,
        "delta_range": 0.22437428979036605,
        "median_z_score": -0.2979206769566406,
        "median_delta": 0.015064562410329918,
        "z_score_decay_rate": 0.013007525550509042,
        "delta_decay_rate": 3.1933961039095268e-06,
        "outlier_count": 1,
        "outlier_ratio": 0.018867924528301886
    },
    "Felipe Massa": {
        "mean_z_score": -0.7284849852953355,
        "mean_delta": 0.012586109701449173,
        "var_z_score": 0.5790757020323068,
        "var_delta": 0.000959392224504263,
        "best_z_score": -1.5712137241813549,
        "worst_z_score": 3.9707531995190526,
        "z_score_range": 5.541966923700407,
        "best_delta": 0.0,
        "worst_delta": 0.2265009333676126,
        "delta_range": 0.2265009333676126,
        "median_z_score": -0.7465198540146886,
        "median_delta": 0.007432805856013262,
        "z_score_decay_rate": 0.009342973937264737,
        "delta_decay_rate": -6.783041847048287e-05,
        "outlier_count": 1,
        "outlier_ratio": 0.018867924528301886
    },
    "Lewis Hamilton": {
        "mean_z_score": -1.0318645310750674,
        "mean_delta": 0.007286935662403616,
        "var_z_score": 0.7398090417677903,
        "var_delta": 0.0009686991405212205,
        "best_z_score": -2.0379303382024814,
        "worst_z_score": 4.2009235490455525,
        "z_score_range": 6.238853887248034,
        "best_delta": 0.0,
        "worst_delta": 0.22428845916154475,
        "delta_range": 0.22428845916154475,
        "median_z_score": -1.1849724684200194,
        "median_delta": 0.0006870684703151824,
        "z_score_decay_rate": 0.006452936643411271,
        "delta_decay_rate": -6.097993104983049e-05,
        "outlier_count": 1,
        "outlier_ratio": 0.018867924528301886
    },
    "Sebastian Vettel": {
        "mean_z_score": -0.13085812541721348,
        "mean_delta": 0.020015997273847747,
        "var_z_score": 0.7906178403459029,
        "var_delta": 0.0010475758999087498,
        "best_z_score": -1.0062177133350783,
        "worst_z_score": 4.166987764529065,
        "z_score_range": 5.173205477864143,
        "best_delta": 0.003534961216747081,
        "worst_delta": 0.24134684361549474,
        "delta_range": 0.23781188239874768,
        "median_z_score": -0.3176151407380963,
        "median_delta": 0.013064626652737018,
        "z_score_decay_rate": 0.013115042264099526,
        "delta_decay_rate": -6.304403882311447e-05,
        "outlier_count": 2,
        "outlier_ratio": 0.03773584905660377
    },
    "Jenson Button": {
        "mean_z_score": -0.192018027268515,
        "mean_delta": 0.02066543085008031,
        "var_z_score": 0.32401820280376975,
        "var_delta": 0.0009605352384555139,
        "best_z_score": -1.0434396264324175,
        "worst_z_score": 2.554710020211728,
        "z_score_range": 3.5981496466441456,
        "best_delta": 0.0,
        "worst_delta": 0.23407384124917216,
        "delta_range": 0.23407384124917216,
        "median_z_score": -0.3186733837311696,
        "median_delta": 0.014444718160034111,
        "z_score_decay_rate": 0.014961848604931625,
        "delta_decay_rate": -1.9174538029188814e-05,
        "outlier_count": 1,
        "outlier_ratio": 0.018867924528301886
    },
    "Sergio Pérez": {
        "mean_z_score": -0.1870316113829434,
        "mean_delta": 0.020535518942975714,
        "var_z_score": 0.35840817698881683,
        "var_delta": 0.001009692889782636,
        "best_z_score": -1.0922250025313165,
        "worst_z_score": 2.8460219838068905,
        "z_score_range": 3.938246986338207,
        "best_delta": 0.0011658147251367502,
        "worst_delta": 0.2366917596451135,
        "delta_range": 0.23552594491997675,
        "median_z_score": -0.32098274891595996,
        "median_delta": 0.014806094496389113,
        "z_score_decay_rate": 0.01174069966292981,
        "delta_decay_rate": -0.00011359822371745466,
        "outlier_count": 1,
        "outlier_ratio": 0.018867924528301886
    },
    "Nico Hülkenberg": {
        "mean_z_score": -0.04762496973769262,
        "mean_delta": 0.02265439316720321,
        "var_z_score": 0.3591944870674135,
        "var_delta": 0.001142687944693773,
        "best_z_score": -0.6115818248424675,
        "worst_z_score": 3.0744231386168512,
        "z_score_range": 3.6860049634593186,
        "best_delta": 0.006642124579238333,
        "worst_delta": 0.2521172200564592,
        "delta_range": 0.24547509547722088,
        "median_z_score": -0.21897154059989452,
        "median_delta": 0.017826441046059266,
        "z_score_decay_rate": -0.004411706994661347,
        "delta_decay_rate": -0.00033985996383914324,
        "outlier_count": 1,
        "outlier_ratio": 0.018867924528301886
    },
    "Kimi Räikkönen": {
        "mean_z_score": -0.2242018800946148,
        "mean_delta": 0.020737979313624606,
        "var_z_score": 0.3131673997766436,
        "var_delta": 0.001132170642733149,
        "best_z_score": -0.9384904309651868,
        "worst_z_score": 2.710319057446389,
        "z_score_range": 3.648809488411576,
        "best_delta": 0.004290779341026734,
        "worst_delta": 0.2504932293067887,
        "delta_range": 0.24620244996576196,
        "median_z_score": -0.33690447769575776,
        "median_delta": 0.014209711852345455,
        "z_score_decay_rate": 0.0056656547623460405,
        "delta_decay_rate": -0.00022316346010195395,
        "outlier_count": 2,
        "outlier_ratio": 0.03773584905660377
    },
    "Valtteri Bottas": {
        "mean_z_score": -0.5739439695042109,
        "mean_delta": 0.015902943509254818,
        "var_z_score": 0.288779691968159,
        "var_delta": 0.0012777238697261892,
        "best_z_score": -1.3875854615240373,
        "worst_z_score": 2.0365392297333935,
        "z_score_range": 3.424124691257431,
        "best_delta": 0.0,
        "worst_delta": 0.25858524584639225,
        "delta_range": 0.25858524584639225,
        "median_z_score": -0.5495415696038792,
        "median_delta": 0.009318387681159506,
        "z_score_decay_rate": -0.00955229328210043,
        "delta_decay_rate": -0.0003477581962866163,
        "outlier_count": 1,
        "outlier_ratio": 0.018867924528301886
    },
    "Daniel Ricciardo": {
        "mean_z_score": -0.40818956737706735,
        "mean_delta": 0.017952535591306322,
        "var_z_score": 0.566286587488696,
        "var_delta": 0.0012133586314484438,
        "best_z_score": -1.8599976069142932,
        "worst_z_score": 4.057316384738805,
        "z_score_range": 5.917313991653098,
        "best_delta": 0.0,
        "worst_delta": 0.25245103588814666,
        "delta_range": 0.25245103588814666,
        "median_z_score": -0.45304112226235915,
        "median_delta": 0.012284791965566595,
        "z_score_decay_rate": -0.013062627975799074,