{
    "Lewis Hamilton": {
        "mean_z_score": -0.9997632913925474,
        "mean_delta": 0.006084266101365855,
        "var_z_score": 0.33692070001079494,
        "var_delta": 0.0009693389871955444,
        "best_z_score": -1.7434562917526106,
        "worst_z_score": 2.007871113807347,
        "z_score_range": 3.7513274055599575,
        "best_delta": 0.0,
        "worst_delta": 0.22384695541863,
        "delta_range": 0.22384695541863,
        "median_z_score": -0.9985404338596447,
        "median_delta": 0.0,
        "z_score_decay_rate": 0.007227141111753845,
        "delta_decay_rate": 4.254360694293019e-05,
        "outlier_count": 1,
        "outlier_ratio": 0.018867924528301886
    },
    "Sebastian Vettel": {
        "mean_z_score": -0.7753822742764953,
        "mean_delta": 0.011476505760283574,
        "var_z_score": 0.34118529687812454,
        "var_delta": 0.0010914055906053812,
        "best_z_score": -1.8429041952157716,
        "worst_z_score": 2.5797283099528174,
        "z_score_range": 4.422632505168589,
        "best_delta": 0.0,
        "worst_delta": 0.2389764003411999,
        "delta_range": 0.2389764003411999,
        "median_z_score": -0.8548108073907201,
        "median_delta": 0.0058796821793416654,
        "z_score_decay_rate": 0.0034512401720188605,
        "delta_decay_rate": -9.155467997334451e-05,
        "outlier_count": 1,
        "outlier_ratio": 0.018867924528301886
    },
    "Felipe Massa": {
        "mean_z_score": -0.4702026227386217,
        "mean_delta": 0.01631701094221251,
        "var_z_score": 0.2731713011408114,
        "var_delta": 0.0010445090033221309,
        "best_z_score": -1.1479748721899505,
        "worst_z_score": 2.5916835985521374,
        "z_score_range": 3.739658470742088,
        "best_delta": 0.0009957567185289262,
        "worst_delta": 0.23846362956754183,
        "delta_range": 0.2374678728490129,
        "median_z_score": -0.5210090103874035,
        "median_delta": 0.010856894699549757,
        "z_score_decay_rate": 0.009178639396511989,
        "delta_decay_rate": -0.00014620149706464904,
        "outlier_count": 1,
        "outlier_ratio": 0.018867924528301886
    },
    "Valtteri Bottas": {
        "mean_z_score": -0.4520589437390957,
        "mean_delta": 0.01638110689299942,
        "var_z_score": 0.6190156881446838,
        "var_delta": 0.0011300013981520782,
        "best_z_score": -1.0718353530793157,
        "worst_z_score": 3.8864409618813975,
        "z_score_range": 4.958276314960713,
        "best_delta": 0.0013822884299030697,
        "worst_delta": 0.2480993986156815,
        "delta_range": 0.24671711018577844,
        "median_z_score": -0.5899588164915879,
        "median_delta": 0.0103529411764706,
        "z_score_decay_rate": 0.0018489763966864179,
        "delta_decay_rate": -0.00023586481764683136,
        "outlier_count": 2,
        "outlier_ratio": 0.03773584905660377
    },
    "Sergio Pérez": {
        "mean_z_score": -0.23052973672420782,
        "mean_delta": 0.02172541082070921,
        "var_z_score": 0.4390272389177742,
        "var_delta": 0.0010258225524916442,
        "best_z_score": -0.8536054831333488,
        "worst_z_score": 3.8153931655819924,
        "z_score_range": 4.668998648715341,
        "best_delta": 0.006163767075685555,
        "worst_delta": 0.2408819591021537,
        "delta_range": 0.23471819202646815,
        "median_z_score": -0.3998220606693601,
        "median_delta": 0.014970704563741633,
        "z_score_decay_rate": 0.011897228678222443,
        "delta_decay_rate": -0.0001055083686694578,
        "outlier_count": 1,
        "outlier_ratio": 0.018867924528301886
    },
    "Kimi Räikkönen": {
        "mean_z_score": -0.3938577200501088,
        "mean_delta": 0.020867225745019317,
        "var_z_score": 0.2770597305178555,
        "var_delta": 0.0013341858459986519,
        "best_z_score": -0.9019344755515684,
        "worst_z_score": 2.666840349826026,
        "z_score_range": 3.568774825377594,
        "best_delta": 0.001118083285795767,
        "worst_delta": 0.24582325284155745,
        "delta_range": 0.2447051695557617,
        "median_z_score": -0.49461869824716126,
        "median_delta": 0.012721000431220299,
        "z_score_decay_rate": -0.005673287221279757,
        "delta_decay_rate": -0.0004034839097476605,
        "outlier_count": 1,
        "outlier_ratio": 0.018867924528301886
    }
}