{
    "Nico Rosberg": {
        "mean_z_score": -0.6567665941561407,
        "mean_delta": 0.010367546031068164,
        "var_z_score": 0.7439596777469716,
        "var_delta": 0.0011944884219488574,
        "best_z_score": -2.3473237416004875,
        "worst_z_score": 4.12961509129987,
        "z_score_range": 6.476938832900357,
        "best_delta": 0.0,
        "worst_delta": 0.24943910717367554,
        "delta_range": 0.24943910717367554,
        "median_z_score": -0.5981601609025569,
        "median_delta": 0.004088335611010882,
        "z_score_decay_rate": 0.016610968234782017,
        "delta_decay_rate": 0.00013461978512327634,
        "outlier_count": 1,
        "outlier_ratio": 0.018867924528301886
    },
    "Sebastian Vettel": {
        "mean_z_score": -0.7148447725011253,
        "mean_delta": 0.01489521711802429,
        "var_z_score": 0.3652580415119574,
        "var_delta": 0.0020709097597394004,
        "best_z_score": -1.6111970474165616,
        "worst_z_score": 1.736818627109588,
        "z_score_range": 3.34801567452615,
        "best_delta": 0.0,
        "worst_delta": 0.23672011811969923,
        "delta_range": 0.23672011811969923,
        "median_z_score": -0.7867933929645224,
        "median_delta": 0.0022812206249854853,
        "z_score_decay_rate": 0.0009408514783787327,
        "delta_decay_rate": -0.00017943864152558013,
        "outlier_count": 2,
        "outlier_ratio": 0.03773584905660377
    },
    "Kimi Räikkönen": {
        "mean_z_score": -0.6297370358722498,
        "mean_delta": 0.016343512710072037,
        "var_z_score": 0.4554193658295147,
        "var_delta": 0.002070642664276217,
        "best_z_score": -1.3965289583979024,
        "worst_z_score": 2.6911932902615825,
        "z_score_range": 4.087722248659485,
        "best_delta": 0.0,
        "worst_delta": 0.24274238355403283,
        "delta_range": 0.24274238355403283,
        "median_z_score": -0.7490851030181838,
        "median_delta": 0.004564687485627459,
        "z_score_decay_rate": -0.0010351755206378212,
        "delta_decay_rate": -0.00019522364133385452,
        "outlier_count": 2,
        "outlier_ratio": 0.03773584905660377
    },
    "Valtteri Bottas": {
        "mean_z_score": -0.24320030125253078,
        "mean_delta": 0.021422003172956127,
        "var_z_score": 0.5166324643953831,
        "var_delta": 0.0018518954891552364,
        "best_z_score": -1.1531211525434162,
        "worst_z_score": 2.5652497344531673,
        "z_score_range": 3.7183708869965835,
        "best_delta": 0.0009562297228072535,
        "worst_delta": 0.238927470910178,
        "delta_range": 0.23797124118737073,
        "median_z_score": -0.4760716370935226,
        "median_delta": 0.009699131335212606,
        "z_score_decay_rate": 0.007499888945739227,
        "delta_decay_rate": -0.00023656643913261266,
        "outlier_count": 1,
        "outlier_ratio": 0.018867924528301886
    },
    "Daniel Ricciardo": {
        "mean_z_score": -0.44970653222154805,
        "mean_delta": 0.020179481381810548,
        "var_z_score": 0.5676455955516186,
        "var_delta": 0.0018826187162708126,
        "best_z_score": -1.5925606878846363,
        "worst_z_score": 3.8360587450758974,
        "z_score_range": 5.4286194329605335,
        "best_delta": 0.0,
        "worst_delta": 0.23184424681523194,
        "delta_range": 0.23184424681523194,
        "median_z_score": -0.5603319187003936,
        "median_delta": 0.010948443411958162,
        "z_score_decay_rate": 0.00019449752221915856,
        "delta_decay_rate": -0.00021149584367485694,
        "outlier_count": 1,
        "outlier_ratio": 0.018867924528301886
    },
    "Lewis Hamilton": {
        "mean_z_score": -0.4519528769260028,
        "mean_delta": 0.013640638027197078,
        "var_z_score": 0.6493743377875774,
        "var_delta": 0.0010030524757170872,
        "best_z_score": -1.3144419935402811,
        "worst_z_score": 4.030169014120103,
        "z_score_range": 5.344611007660385,
        "best_delta": 0.0,
        "worst_delta": 0.22725435628586926,
        "delta_range": 0.22725435628586926,
        "median_z_score": -0.5903442460718039,
        "median_delta": 0.006700456274638237,
        "z_score_decay_rate": 0.01402305090912802,
        "delta_decay_rate": -1.662212619285746e-05,
        "outlier_count": 1,
        "outlier_ratio": 0.018867924528301886
    },
    "Sergio Pérez": {
        "mean_z_score": -0.13858528247042498,
        "mean_delta": 0.024448872957115026,
        "var_z_score": 0.6410938125321705,
        "var_delta": 0.0019127871196096752,
        "best_z_score": -0.8812306497212482,
        "worst_z_score": 2.623489814818208,
        "z_score_range": 3.5047204645394565,
        "best_delta": 0.0,
        "worst_delta": 0.24015558309238602,
        "delta_range": 0.24015558309238602,
        "median_z_score": -0.41132703825616945,
        "median_delta": 0.01158019195993874,
        "z_score_decay_rate": 0.016756264740181208,
        "delta_decay_rate": -0.00021385775431304654,
        "outlier_count": 2,
        "outlier_ratio": 0.03773584905660377
    },
    "Felipe Massa": {
        "mean_z_score": -0.3091993724872137,
        "mean_delta": 0.024580712746900758,
        "var_z_score": 0.49808580562944443,
        "var_delta": 0.0019499220965179022,
        "best_z_score": -0.9638842398755235,
        "worst_z_score": 3.920704154831302,
        "z_score_range": 4.884588394706825,
        "best_delta": 0.0030570770174970854,
        "worst_delta": 0.23653698680309945,
        "delta_range": 0.23347990978560237,
        "median_z_score": -0.43999284885322,
        "median_delta": 0.012644487811637534,
        "z_score_decay_rate": -0.00416267581815157,
        "delta_decay_rate": -0.00035551124409044266,
        "outlier_count": 1,
        "outlier_ratio": 0.018867924528301886
    },
    "Nico Hülkenberg": {
        "mean_z_score": -0.16512844562668882,
        "mean_delta": 0.027410315270215015,
        "var_z_score": 0.2814356737730721,
        "var_delta": 0.001965138256312242,
        "best_z_score": -0.7371365691635285,
        "worst_z_score": 2.628025927878351,
        "z_score_range": 3.3651624970418794,
        "best_delta": 0.005898749696387778,
        "worst_delta": 0.24702459972064156,
        "delta_range": 0.24112585002425377,
        "median_z_score": -0.2753769728982688,
        "median_delta": 0.01586717564273554,
        "z_score_decay_rate": -0.0013245011093721984,
        "delta_decay_rate": -0.00044332063490237154,
        "outlier_count": 2,
        "outlier_ratio": 0.03773584905660377
    },
    "Max Verstappen": {
        "mean_z_score": -0.3641560627027031,
        "mean_delta": 0.022122364746617537,
        "var_z_score": 0.5433832263766945,
        "var_delta": 0.0020720556259377684,
        "best_z_score": -1.0878813004272285,
        "worst_z_score": 3.843707796068468,
        "z_score_range": 4.9315890964956965,
        "best_delta": 0.0,
        "worst_delta": 0.23929540541783542,
        "delta_range": 0.23929540541783542,
        "median_z_score": -0.5102520857976032,
        "median_delta": 0.009124873427297875,
        "z_score_decay_rate": -0.005370819306590923,
        "delta_decay_rate": -0.0004799852926877968,
        "outlier_count": 1,
        "outlier_ratio": 0.018867924528301886
    }
}