{
    "Lewis Hamilton": {
        "mean_z_score": -0.9668079180574621,
        "mean_delta": 0.007590708541747752,
        "var_z_score": 0.4204125209114819,
        "var_delta": 0.0010736123486236168,
        "best_z_score": -2.0028740899170576,
        "worst_z_score": 2.183353790678287,
        "z_score_range": 4.186227880595345,
        "best_delta": 0.0,
        "worst_delta": 0.23709055763133383,
        "delta_range": 0.23709055763133383,
        "median_z_score": -1.0354357020254858,
        "median_delta": 0.00018734485504198097,
        "z_score_decay_rate": 0.002152035504169858,
        "delta_decay_rate": 0.00020270097329482223,
        "outlier_count": 1,
        "outlier_ratio": 0.018867924528301886
    },
    "Esteban Ocon": {
        "mean_z_score": -0.16826473525726837,
        "mean_delta": 0.02352535322201285,
        "var_z_score": 0.47111935156853657,
        "var_delta": 0.0011015580668314467,
        "best_z_score": -1.4688814883118473,
        "worst_z_score": 4.0566463715468215,
        "z_score_range": 5.525527859858669,
        "best_delta": 0.0036977661279942254,
        "worst_delta": 0.25368383826476476,
        "delta_range": 0.24998607213677054,
        "median_z_score": -0.2941707376806939,
        "median_delta": 0.019152729234594493,
        "z_score_decay_rate": 0.008265369127393297,
        "delta_decay_rate": -5.0972465899461906e-05,
        "outlier_count": 1,
        "outlier_ratio": 0.018867924528301886
    },
    "Lance Stroll": {
        "mean_z_score": -0.1514661937210542,
        "mean_delta": 0.024107607641733454,
        "var_z_score": 0.5026760243514091,
        "var_delta": 0.0013339862405188953,
        "best_z_score": -1.233436589833744,
        "worst_z_score": 4.019920837621043,
        "z_score_range": 5.2533574274547865,
        "best_delta": 0.002550990556654265,
        "worst_delta": 0.27735575734021145,
        "delta_range": 0.2748047667835572,
        "median_z_score": -0.3059205203489022,
        "median_delta": 0.018498855619263323,
        "z_score_decay_rate": 0.011132999120172443,
        "delta_decay_rate": -1.7165946618656727e-05,
        "outlier_count": 1,
        "outlier_ratio": 0.018867924528301886
    },
    "Valtteri Bottas": {
        "mean_z_score": -0.927368228406259,
        "mean_delta": 0.008564731454822564,
        "var_z_score": 0.6454435691738013,
        "var_delta": 0.001029918873025024,
        "best_z_score": -2.243861408377963,
        "worst_z_score": 3.868016583432653,
        "z_score_range": 6.111877991810616,
        "best_delta": 0.0,
        "worst_delta": 0.2295604162242514,
        "delta_range": 0.2295604162242514,
        "median_z_score": -1.0333485335259502,
        "median_delta": 0.0022288435821036993,
        "z_score_decay_rate": 0.0007294318331673267,
        "delta_decay_rate": 0.0001422161396384377,
        "outlier_count": 1,
        "outlier_ratio": 0.018867924528301886
    },
    "Kimi Räikkönen": {
        "mean_z_score": -0.24729386366652376,
        "mean_delta": 0.020938102808614262,
        "var_z_score": 0.6729366287149448,
        "var_delta": 0.0011529212825056579,
        "best_z_score": -1.004837750350578,
        "worst_z_score": 4.174629979602946,
        "z_score_range": 5.179467729953524,
        "best_delta": 0.0,
        "worst_delta": 0.25340798155749755,
        "delta_range": 0.25340798155749755,
        "median_z_score": -0.4227890335988416,
        "median_delta": 0.014497173285791413,
        "z_score_decay_rate": -0.002012749650314404,
        "delta_decay_rate": -0.00022874128879749907,
        "outlier_count": 2,
        "outlier_ratio": 0.03773584905660377
    },
    "Sebastian Vettel": {
        "mean_z_score": -0.567077433163017,
        "mean_delta": 0.015611500372691725,
        "var_z_score": 0.5474641719839224,
        "var_delta": 0.0010262841915677605,
        "best_z_score": -1.5709805034960251,
        "worst_z_score": 3.9331257865791187,
        "z_score_range": 5.504106290075144,
        "best_delta": 0.0,
        "worst_delta": 0.23549492058278398,
        "delta_range": 0.23549492058278398,
        "median_z_score": -0.6444503187578551,
        "median_delta": 0.009831857573474096,
        "z_score_decay_rate": -0.0006288185087010213,
        "delta_decay_rate": 5.2906940174116895e-05,
        "outlier_count": 1,
        "outlier_ratio": 0.018867924528301886
    },
    "Felipe Massa": {
        "mean_z_score": -0.1327474120128841,
        "mean_delta": 0.024231025986217965,
        "var_z_score": 0.4857966388251177,
        "var_delta": 0.0011262603114322329,
        "best_z_score": -0.8296892685954003,
        "worst_z_score": 4.227063169240384,
        "z_score_range": 5.056752437835784,
        "best_delta": 0.003589611242756228,
        "worst_delta": 0.25325256905816923,
        "delta_range": 0.249662957815413,
        "median_z_score": -0.28854875165273347,
        "median_delta": 0.01971103130296669,
        "z_score_decay_rate": 0.009901475871635408,
        "delta_decay_rate": -1.1941433012288645e-05,
        "outlier_count": 1,
        "outlier_ratio": 0.018867924528301886
    },
    "Sergio Pérez": {
        "mean_z_score": -0.22536383145492175,
        "mean_delta": 0.02428181622528038,
        "var_z_score": 0.22544209422171196,
        "var_delta": 0.0012055847410009759,
        "best_z_score": -0.6869417434432472,
        "worst_z_score": 2.453165693225427,
        "z_score_range": 3.140107436668674,
        "best_delta": 0.0055331398504045925,
        "worst_delta": 0.25948539031836004,
        "delta_range": 0.25395225046795544,
        "median_z_score": -0.30392213851525846,
        "median_delta": 0.017209285990236352,
        "z_score_decay_rate": 0.0014943557983589618,
        "delta_decay_rate": 3.0292533521190095e-05,
        "outlier_count": 1,
        "outlier_ratio": 0.018867924528301886
    },
    "Daniel Ricciardo": {
        "mean_z_score": -0.5955708720454007,
        "mean_delta": 0.016471297852017158,
        "var_z_score": 0.8716929514757005,
        "var_delta": 0.0012169261505043825,
        "best_z_score": -1.7779461836737667,
        "worst_z_score": 3.894662705480164,
        "z_score_range": 5.67260888915393,
        "best_delta": 0.0,
        "worst_delta": 0.23649681755147037,
        "delta_range": 0.23649681755147037,
        "median_z_score": -0.5584961551822741,
        "median_delta": 0.010575682964005339,
        "z_score_decay_rate": -0.018579156406732078,
        "delta_decay_rate": -0.00028627603920529767,
        "outlier_count": 2,
        "outlier_ratio": 0.03773584905660377
    }
}