{
    "Kimi Räikkönen": {
        "mean_z_score": -0.5282509121022405,
        "mean_delta": 0.017920899209641433,
        "var_z_score": 1.517641585804375,
        "var_delta": 0.0012533296577466335,
        "best_z_score": -1.9768476038057763,
        "worst_z_score": 4.0382273987160255,
        "z_score_range": 6.015075002521802,
        "best_delta": 0.0,
        "worst_delta": 0.22639365633708466,
        "delta_range": 0.22639365633708466,
        "median_z_score": -0.6815819094096344,
        "median_delta": 0.009535046110134617,
        "z_score_decay_rate": 0.03291358293223511,
        "delta_decay_rate": 0.00011930605867138272,
        "outlier_count": 1,
        "outlier_ratio": 0.018867924528301886
    },
    "Lewis Hamilton": {
        "mean_z_score": -0.7707695561643771,
        "mean_delta": 0.015991492658168852,
        "var_z_score": 1.082480820897863,
        "var_delta": 0.0011785868342767767,
        "best_z_score": -2.1314085223273036,
        "worst_z_score": 3.7915423632998264,
        "z_score_range": 5.92295088562713,
        "best_delta": 0.0,
        "worst_delta": 0.22869912286991217,
        "delta_range": 0.22869912286991217,
        "median_z_score": -0.8342270280095254,
        "median_delta": 0.00879115585635497,
        "z_score_decay_rate": 0.01976894687589268,
        "delta_decay_rate": 4.892960748475505e-05,
        "outlier_count": 1,
        "outlier_ratio": 0.018867924528301886
    },
    "Max Verstappen": {
        "mean_z_score": -0.5968484140944704,
        "mean_delta": 0.018908099349196923,
        "var_z_score": 0.8821099104620785,
        "var_delta": 0.0012184552130227312,
        "best_z_score": -1.4588119197906002,
        "worst_z_score": 3.916621126003427,
        "z_score_range": 5.375433045794027,
        "best_delta": 0.0,
        "worst_delta": 0.23859171413898933,
        "delta_range": 0.23859171413898933,
        "median_z_score": -0.7796738073415482,
        "median_delta": 0.009436982062620686,
        "z_score_decay_rate": 0.002014399905714976,
        "delta_decay_rate": -0.0002510369834108786,
        "outlier_count": 2,
        "outlier_ratio": 0.03773584905660377
    },
    "Valtteri Bottas": {
        "mean_z_score": -0.6981134787764128,
        "mean_delta": 0.019100829258775598,
        "var_z_score": 0.6248676549301603,
        "var_delta": 0.0012692578425343931,
        "best_z_score": -1.6155378363069302,
        "worst_z_score": 3.7481548667620697,
        "z_score_range": 5.363692703069,
        "best_delta": 0.0,
        "worst_delta": 0.24145288841739798,
        "delta_range": 0.24145288841739798,
        "median_z_score": -0.867927392903379,
        "median_delta": 0.009650381154489003,
        "z_score_decay_rate": 0.0008530519767936698,
        "delta_decay_rate": -7.171046648936727e-05,
        "outlier_count": 1,
        "outlier_ratio": 0.018867924528301886
    },
    "Romain Grosjean": {
        "mean_z_score": -0.0944685516533652,
        "mean_delta": 0.02854458880866163,
        "var_z_score": 0.5425619541234116,
        "var_delta": 0.0013108578217071129,
        "best_z_score": -0.797259152438472,
        "worst_z_score": 3.7876304521172677,
        "z_score_range": 4.584889604555739,
        "best_delta": 0.012741781492002535,
        "worst_delta": 0.26585162213740443,
        "delta_range": 0.2531098406454019,
        "median_z_score": -0.24169587721262747,
        "median_delta": 0.0184564154641852,
        "z_score_decay_rate": -0.0023733632661071392,
        "delta_decay_rate": -0.00031594605844773965,
        "outlier_count": 2,
        "outlier_ratio": 0.03773584905660377
    },
    "Carlos Sainz": {
        "mean_z_score": 0.07815717963403057,
        "mean_delta": 0.03352942907041603,
        "var_z_score": 0.23791794992260346,
        "var_delta": 0.0014112626222526855,
        "best_z_score": -0.6536818862190731,
        "worst_z_score": 2.701555605104542,
        "z_score_range": 3.355237491323615,
        "best_delta": 0.011309495163386083,
        "worst_delta": 0.2798560458342361,
        "delta_range": 0.26854655067085004,
        "median_z_score": 0.002154840384910823,
        "median_delta": 0.0251981134334076,
        "z_score_decay_rate": 0.0015791899590828216,
        "delta_decay_rate": 6.5409371824342e-05,
        "outlier_count": 1,
        "outlier_ratio": 0.018867924528301886
    },
    "Esteban Ocon": {
        "mean_z_score": -0.1557271041572083,
        "mean_delta": 0.028908550694483875,
        "var_z_score": 0.3454291538429847,
        "var_delta": 0.001320463341587057,
        "best_z_score": -0.7334047819499601,
        "worst_z_score": 3.6490060926594294,
        "z_score_range": 4.3824108746093895,
        "best_delta": 0.008420530505231756,
        "worst_delta": 0.2658038525094384,
        "delta_range": 0.2573833220042066,
        "median_z_score": -0.28607112148110037,
        "median_delta": 0.020733079556608962,
        "z_score_decay_rate": 0.002788960824374471,
        "delta_decay_rate": -4.2350635313916566e-05,
        "outlier_count": 1,
        "outlier_ratio": 0.018867924528301886
    },
    "Sergio Pérez": {
        "mean_z_score": -0.1912796025922398,
        "mean_delta": 0.02893099241361216,
        "var_z_score": 0.3253283523003092,
        "var_delta": 0.0015929717373469737,
        "best_z_score": -0.9405878280114147,
        "worst_z_score": 2.579037140230472,
        "z_score_range": 3.519624968241887,
        "best_delta": 0.0023461253022431586,
        "worst_delta": 0.2696853710791749,
        "delta_range": 0.26733924577693174,
        "median_z_score": -0.29812260755795317,
        "median_delta": 0.019996407830928598,
        "z_score_decay_rate": -0.006518843664855711,
        "delta_decay_rate": -0.00018643861713923642,
        "outlier_count": 1,
        "outlier_ratio": 0.018867924528301886
    },
    "Sebastian Vettel": {
        "mean_z_score": -0.8177258611196072,
        "mean_delta": 0.019034419281271378,
        "var_z_score": 0.9724445466980713,
        "var_delta": 0.002175896055299394,
        "best_z_score": -2.45004959195278,
        "worst_z_score": 3.841324395363929,
        "z_score_range": 6.2913739873167085,
        "best_delta": 0.0,
        "worst_delta": 0.26240954216516976,
        "delta_range": 0.26240954216516976,
        "median_z_score": -0.8059796664542221,
        "median_delta": 0.006885230413113805,
        "z_score_decay_rate": -0.027719903771900655,
        "delta_decay_rate": -0.0008442788794760502,
        "outlier_count": 1,
        "outlier_ratio": 0.018867924528301886
    }
}