{
    "Charles Leclerc": {
        "mean_z_score": -0.8004429789644522,
        "mean_delta": 0.016890343905924733,
        "var_z_score": 0.5881581205717135,
        "var_delta": 0.002816704239042171,
        "best_z_score": -1.7400499763149901,
        "worst_z_score": 2.8417165109214997,
        "z_score_range": 4.581766487236489,
        "best_delta": 0.0,
        "worst_delta": 0.27412820055842696,
        "delta_range": 0.27412820055842696,
        "median_z_score": -0.870728681625497,
        "median_delta": 0.0031132809736078185,
        "z_score_decay_rate": 0.003952782670746981,
        "delta_decay_rate": 6.752205926307876e-05,
        "outlier_count": 2,
        "outlier_ratio": 0.03773584905660377
    },
    "Lewis Hamilton": {
        "mean_z_score": -0.49811348958337004,
        "mean_delta": 0.024884183915402033,
        "var_z_score": 1.4459867408642646,
        "var_delta": 0.003764622355170003,
        "best_z_score": -2.4751231907262903,
        "worst_z_score": 3.9042364546484736,
        "z_score_range": 6.379359645374764,
        "best_delta": 0.0,
        "worst_delta": 0.2694706825877741,
        "delta_range": 0.2694706825877741,
        "median_z_score": -0.7113821813296044,
        "median_delta": 0.004143779512383256,
        "z_score_decay_rate": 0.026560921367660726,
        "delta_decay_rate": 0.0007546038772708226,
        "outlier_count": 2,
        "outlier_ratio": 0.03773584905660377
    },
    "Valtteri Bottas": {
        "mean_z_score": -0.8226533869344602,
        "mean_delta": 0.01711786826537106,
        "var_z_score": 0.36234930713347546,
        "var_delta": 0.002694872674207977,
        "best_z_score": -1.7986387984927361,
        "worst_z_score": 1.4552628764604478,
        "z_score_range": 3.253901674953184,
        "best_delta": 0.0,
        "worst_delta": 0.2625438127487674,
        "delta_range": 0.2625438127487674,
        "median_z_score": -0.8411824184641542,
        "median_delta": 0.00222067352555566,
        "z_score_decay_rate": 0.0020312631287255807,
        "delta_decay_rate": 7.544341558827358e-05,
        "outlier_count": 1,
        "outlier_ratio": 0.018867924528301886
    },
    "Nico Hülkenberg": {
        "mean_z_score": -0.269705375430184,
        "mean_delta": 0.030087424523412825,
        "var_z_score": 0.16508556018980722,
        "var_delta": 0.004417540480555756,
        "best_z_score": -1.2648617408617007,
        "worst_z_score": 1.3040395939530047,
        "z_score_range": 2.568901334814705,
        "best_delta": 0.0020966621139144434,
        "worst_delta": 0.44785031847133755,
        "delta_range": 0.4457536563574231,
        "median_z_score": -0.34977682020092593,
        "median_delta": 0.015236208401141555,
        "z_score_decay_rate": 0.0017938681595173805,
        "delta_decay_rate": 7.525801106304843e-05,
        "outlier_count": 2,
        "outlier_ratio": 0.03773584905660377
    },
    "Daniel Ricciardo": {
        "mean_z_score": -0.26959766781273437,
        "mean_delta": 0.027169275520219905,
        "var_z_score": 0.3837169526637447,
        "var_delta": 0.0032353430727594334,
        "best_z_score": -1.4929447497819175,
        "worst_z_score": 2.563183098966895,
        "z_score_range": 4.056127848748813,
        "best_delta": 0.0,
        "worst_delta": 0.3899007901146558,
        "delta_range": 0.3899007901146558,
        "median_z_score": -0.37099306897165585,
        "median_delta": 0.015130173486395773,
        "z_score_decay_rate": 0.01014614760413057,
        "delta_decay_rate": 0.00019892494311601498,
        "outlier_count": 1,
        "outlier_ratio": 0.018867924528301886
    },
    "Alexander Albon": {
        "mean_z_score": -0.31266490913093786,
        "mean_delta": 0.03030449620679743,
        "var_z_score": 0.5266024901596461,
        "var_delta": 0.0037292525410932914,
        "best_z_score": -1.5891922594932588,
        "worst_z_score": 2.699554484282866,
        "z_score_range": 4.288746743776125,
        "best_delta": 0.0004919075213859412,
        "worst_delta": 0.322810663609001,
        "delta_range": 0.32231875608761507,
        "median_z_score": -0.4295092178073395,
        "median_delta": 0.010786607121760012,
        "z_score_decay_rate": -0.01332776219814287,
        "delta_decay_rate": -0.0003276648446750602,
        "outlier_count": 2,
        "outlier_ratio": 0.03773584905660377
    },
    "Sergio Pérez": {
        "mean_z_score": -0.06093440066642101,
        "mean_delta": 0.03349339766485396,
        "var_z_score": 0.28875602715092014,
        "var_delta": 0.0033288389167831205,
        "best_z_score": -1.1181574359280269,
        "worst_z_score": 1.4640178309666798,
        "z_score_range": 2.5821752668947067,
        "best_delta": 0.00518370971225614,
        "worst_delta": 0.3058531171588496,
        "delta_range": 0.3006694074465935,
        "median_z_score": -0.21128600432980504,
        "median_delta": 0.017216763248509136,
        "z_score_decay_rate": -0.015026066355644303,
        "delta_decay_rate": -0.00037940914446541466,
        "outlier_count": 0,
        "outlier_ratio": 0.0
    },
    "Max Verstappen": {
        "mean_z_score": -0.32985326918973473,
        "mean_delta": 0.033621884365075086,
        "var_z_score": 0.9872522259314276,
        "var_delta": 0.006978748434191396,
        "best_z_score": -1.720710356641409,
        "worst_z_score": 4.2412226846053205,
        "z_score_range": 5.96193304124673,
        "best_delta": 0.0,
        "worst_delta": 0.45631067961165045,
        "delta_range": 0.45631067961165045,
        "median_z_score": -0.4108978318124941,
        "median_delta": 0.009962446480254484,
        "z_score_decay_rate": -0.005422276050866313,
        "delta_decay_rate": -0.0006809788253100656,
        "outlier_count": 1,
        "outlier_ratio": 0.018867924528301886
    }
}