{
    "Lewis Hamilton": {
        "mean_z_score": -1.1591281995410798,
        "mean_delta": 0.029072564823088426,
        "var_z_score": 2.1910912132605285,
        "var_delta": 0.00812665944594248,
        "best_z_score": -3.2158158010700055,
        "worst_z_score": 3.9549232566663353,
        "z_score_range": 7.170739057736341,
        "best_delta": 0.0,
        "worst_delta": 0.4293674698795179,
        "delta_range": 0.4293674698795179,
        "median_z_score": -1.3761342789179236,
        "median_delta": 0.0,
        "z_score_decay_rate": 0.013543148207808565,
        "delta_decay_rate": -0.0002305350850612254,
        "outlier_count": 1,
        "outlier_ratio": 0.018867924528301886
    },
    "Carlos Sainz": {
        "mean_z_score": -0.6654205482771487,
        "mean_delta": 0.025639329832457664,
        "var_z_score": 0.7203265702473005,
        "var_delta": 0.003908129635578556,
        "best_z_score": -1.754103496035663,
        "worst_z_score": 3.164818916252655,
        "z_score_range": 4.9189224122883175,
        "best_delta": 0.0,
        "worst_delta": 0.3568354611963852,
        "delta_range": 0.3568354611963852,
        "median_z_score": -0.7907315289979062,
        "median_delta": 0.008693193865290827,
        "z_score_decay_rate": -0.000348193805862449,
        "delta_decay_rate": -0.0003423576068188082,
        "outlier_count": 2,
        "outlier_ratio": 0.03773584905660377
    },
    "Lando Norris": {
        "mean_z_score": -0.514624850350617,
        "mean_delta": 0.027761220728290438,
        "var_z_score": 0.22980953786237038,
        "var_delta": 0.003885773134466373,
        "best_z_score": -1.4743148458249613,
        "worst_z_score": 0.8393061023485985,
        "z_score_range": 2.31362094817356,
        "best_delta": 0.0001600237001643696,
        "worst_delta": 0.3859765969219421,
        "delta_range": 0.3858165732217777,
        "median_z_score": -0.616293732672154,
        "median_delta": 0.010800635331489995,
        "z_score_decay_rate": -0.0058262311454586515,
        "delta_decay_rate": -0.0004139408277757357,
        "outlier_count": 0,
        "outlier_ratio": 0.0
    },
    "Sergio Pérez": {
        "mean_z_score": -0.02761222290302607,
        "mean_delta": 0.031360045602623385,
        "var_z_score": 0.49721111547821273,
        "var_delta": 0.0035759606656367428,
        "best_z_score": -1.112222344612977,
        "worst_z_score": 1.5874047983215467,
        "z_score_range": 2.6996271429345238,
        "best_delta": 0.00018560369684499027,
        "worst_delta": 0.3812631924093695,
        "delta_range": 0.3810775887125245,
        "median_z_score": -0.23088189301543777,
        "median_delta": 0.014212784315605386,
        "z_score_decay_rate": 0.016591221149377427,
        "delta_decay_rate": -0.0002464560816484368,
        "outlier_count": 0,
        "outlier_ratio": 0.0
    },
    "Daniel Ricciardo": {
        "mean_z_score": -0.42121393264815404,
        "mean_delta": 0.02821026889274129,
        "var_z_score": 0.3123600541203602,
        "var_delta": 0.003525215057876932,
        "best_z_score": -1.8742267321177546,
        "worst_z_score": 0.7760735501282869,
        "z_score_range": 2.6503002822460413,
        "best_delta": 0.0,
        "worst_delta": 0.37044285509355107,
        "delta_range": 0.37044285509355107,
        "median_z_score": -0.38472730011494216,
        "median_delta": 0.011787403242124031,
        "z_score_decay_rate": -0.009504915530865302,
        "delta_decay_rate": -0.00046585666939178355,
        "outlier_count": 0,
        "outlier_ratio": 0.0
    },
    "Valtteri Bottas": {
        "mean_z_score": -0.4167914887683033,
        "mean_delta": 0.028142167229408287,
        "var_z_score": 0.26728401566577903,
        "var_delta": 0.003457411476199324,
        "best_z_score": -1.4507196660774124,
        "worst_z_score": 0.7088010204955724,
        "z_score_range": 2.159520686572985,
        "best_delta": 0.0,
        "worst_delta": 0.36781974301698867,
        "delta_range": 0.36781974301698867,
        "median_z_score": -0.4320155926665625,
        "median_delta": 0.01264780281192998,
        "z_score_decay_rate": -0.009152023066413554,
        "delta_decay_rate": -0.00048483864033535383,
        "outlier_count": 0,
        "outlier_ratio": 0.0
    },
    "Lance Stroll": {
        "mean_z_score": -0.4791757488728744,
        "mean_delta": 0.027465334137775747,
        "var_z_score": 0.3597383953770251,
        "var_delta": 0.0034416420516277754,
        "best_z_score": -1.4768157388859855,
        "worst_z_score": 1.679315145181051,
        "z_score_range": 3.1561308840670366,
        "best_delta": 0.0,
        "worst_delta": 0.323749410824436,
        "delta_range": 0.323749410824436,
        "median_z_score": -0.4015802923261498,
        "median_delta": 0.011639837254555042,
        "z_score_decay_rate": -0.015871144558036177,
        "delta_decay_rate": -0.0004992918982341729,
        "outlier_count": 1,
        "outlier_ratio": 0.018867924528301886
    },
    "Esteban Ocon": {
        "mean_z_score": -0.043870937121946244,
        "mean_delta": 0.03077223258701617,
        "var_z_score": 0.15757139314776827,
        "var_delta": 0.0032802204175587635,
        "best_z_score": -0.7775498737005158,
        "worst_z_score": 0.9598615734299494,
        "z_score_range": 1.7374114471304651,
        "best_delta": 0.0007412250200922513,
        "worst_delta": 0.3932004016640367,
        "delta_range": 0.3924591766439444,
        "median_z_score": -0.16373477722306468,
        "median_delta": 0.016092981671881924,
        "z_score_decay_rate": 0.003564046090615639,
        "delta_decay_rate": -0.00041441740436377173,
        "outlier_count": 0,
        "outlier_ratio": 0.0
    },
    "Pierre Gasly": {
        "mean_z_score": -0.3783483718461072,
        "mean_delta": 0.027409316838043297,
        "var_z_score": 0.5531896592610612,
        "var_delta": 0.0034267327951326035,
        "best_z_score": -1.4976985693216485,
        "worst_z_score": 2.9865658564070645,
        "z_score_range": 4.484264425728713,
        "best_delta": 0.0,
        "worst_delta": 0.38348353302674726,
        "delta_range": 0.38348353302674726,
        "median_z_score": -0.5198821014999863,
        "median_delta": 0.013397462038525253,
        "z_score_decay_rate": -0.016733622705959326,
        "delta_decay_rate": -0.000590374504695305,
        "outlier_count": 1,
        "outlier_ratio": 0.018867924528301886
    },
    "Daniil Kvyat": {
        "mean_z_score": 0.056375109137329404,
        "mean_delta": 0.03177294697446615,
        "var_z_score": 0.22699996967934893,
        "var_delta": 0.0029881399889511635,
        "best_z_score": -0.9252362042005968,
        "worst_z_score": 1.2370506149890033,
        "z_score_range": 2.1622868191896,
        "best_delta": 0.00034919669887167773,
        "worst_delta": 0.37846588929647323,
        "delta_range": 0.37811669259760156,
        "median_z_score": -0.040198776432888036,
        "median_delta": 0.017420443472681135,
        "z_score_decay_rate": 0.003976828732442792,
        "delta_decay_rate": -0.0004103251984882607,
        "outlier_count": 0,
        "outlier_ratio": 0.0
    },
    "Kimi Räikkönen": {
        "mean_z_score": 0.6537786535467293,
        "mean_delta": 0.03628960718068643,
        "var_z_score": 1.2930632454178728,
        "var_delta": 0.0022404780586378044,
        "best_z_score": -1.4358423110846001,
        "worst_z_score": 3.993412635594945,
        "z_score_range": 5.429254946679545,
        "best_delta": 0.0,
        "worst_delta": 0.2546966212630461,
        "delta_range": 0.2546966212630461,
        "median_z_score": 0.3630084718136832,
        "median_delta": 0.018618475805492838,
        "z_score_decay_rate": 0.04138016943480935,
        "delta_decay_rate": -0.00015044994064364174,
        "outlier_count": 0,
        "outlier_ratio": 0.0
    },
    "Antonio Giovinazzi": {
        "mean_z_score": 0.5850492343611786,