{
    "Daniel Ricciardo": {
        "mean_z_score": -0.7221462743806981,
        "mean_delta": 0.0259017178701685,
        "var_z_score": 0.8090933176769936,
        "var_delta": 0.006303112436814159,
        "best_z_score": -2.0193683632464055,
        "worst_z_score": 2.4302549433075877,
        "z_score_range": 4.449623306553994,
        "best_delta": 0.0,
        "worst_delta": 0.49165095348249527,
        "delta_range": 0.49165095348249527,
        "median_z_score": -0.9871431332695472,
        "median_delta": 0.002612807380602785,
        "z_score_decay_rate": 0.0011024615760423346,
        "delta_decay_rate": -5.341830712098718e-05,
        "outlier_count": 2,
        "outlier_ratio": 0.03773584905660377
    },
    "Lando Norris": {
        "mean_z_score": -0.6960792537936191,
        "mean_delta": 0.02665309602100155,
        "var_z_score": 0.4374735920107371,
        "var_delta": 0.005093677219762816,
        "best_z_score": -1.7442493284021623,
        "worst_z_score": 1.5939276404197589,
        "z_score_range": 3.338176968821921,
        "best_delta": 0.0,
        "worst_delta": 0.4105223256808506,
        "delta_range": 0.4105223256808506,
        "median_z_score": -0.8076371933560174,
        "median_delta": 0.003596498328958089,
        "z_score_decay_rate": -0.0019454427187978708,
        "delta_decay_rate": -0.00011965455062910677,
        "outlier_count": 1,
        "outlier_ratio": 0.018867924528301886
    },
    "Charles Leclerc": {
        "mean_z_score": -0.5961800280737604,
        "mean_delta": 0.02690179700456754,
        "var_z_score": 0.3319753577706717,
        "var_delta": 0.007707221535920468,
        "best_z_score": -1.4778781883524525,
        "worst_z_score": 1.5197658758962782,
        "z_score_range": 2.997644064248731,
        "best_delta": 0.0,
        "worst_delta": 0.5995567910114108,
        "delta_range": 0.5995567910114108,
        "median_z_score": -0.6862948120615082,
        "median_delta": 0.004710530314541931,
        "z_score_decay_rate": 0.006237757902679526,
        "delta_decay_rate": -8.240963067714875e-05,
        "outlier_count": 2,
        "outlier_ratio": 0.03773584905660377
    },
    "Carlos Sainz": {
        "mean_z_score": -0.30043565621425106,
        "mean_delta": 0.028163128855467325,
        "var_z_score": 0.38692359890164574,
        "var_delta": 0.005206778325267255,
        "best_z_score": -1.6378464049430517,
        "worst_z_score": 2.305441512534649,
        "z_score_range": 3.9432879174777007,
        "best_delta": 0.0,
        "worst_delta": 0.47377680150846574,
        "delta_range": 0.47377680150846574,
        "median_z_score": -0.3448416182174207,
        "median_delta": 0.008807715889260952,
        "z_score_decay_rate": -0.003103594837655365,
        "delta_decay_rate": -0.00023426917689371366,
        "outlier_count": 1,
        "outlier_ratio": 0.018867924528301886
    },
    "Sergio Pérez": {
        "mean_z_score": -0.6611981025786583,
        "mean_delta": 0.026302198089296885,
        "var_z_score": 0.3888959993102973,
        "var_delta": 0.007651834926603707,
        "best_z_score": -2.1326621419111937,
        "worst_z_score": 1.5153597324355712,
        "z_score_range": 3.6480218743467647,
        "best_delta": 0.0,
        "worst_delta": 0.5987014754193963,
        "delta_range": 0.5987014754193963,
        "median_z_score": -0.6971264326634382,
        "median_delta": 0.004056029807102866,
        "z_score_decay_rate": -0.004121348805647218,
        "delta_decay_rate": -0.0002217543153913398,
        "outlier_count": 1,
        "outlier_ratio": 0.018867924528301886
    },
    "Lance Stroll": {
        "mean_z_score": 0.01553555724810704,
        "mean_delta": 0.02966210329647531,
        "var_z_score": 0.18075756322259068,
        "var_delta": 0.003022815163478808,
        "best_z_score": -0.7661959795908511,
        "worst_z_score": 1.7068352516657117,
        "z_score_range": 2.473031231256563,
        "best_delta": 0.002053867338841289,
        "worst_delta": 0.29525905565539967,
        "delta_range": 0.2932051883165584,
        "median_z_score": 0.000986707259806391,
        "median_delta": 0.013026376677464193,
        "z_score_decay_rate": -0.002570234311961737,
        "delta_decay_rate": -0.00030576229946249484,
        "outlier_count": 1,
        "outlier_ratio": 0.018867924528301886
    },
    "Fernando Alonso": {
        "mean_z_score": 0.04721086003628921,
        "mean_delta": 0.03013912698363528,
        "var_z_score": 0.2530704680422241,
        "var_delta": 0.002936505519070905,
        "best_z_score": -0.8634871031683592,
        "worst_z_score": 1.708023100385096,
        "z_score_range": 2.5715102035534554,
        "best_delta": 0.0007691777833904355,
        "worst_delta": 0.29253923556717387,
        "delta_range": 0.29177005778378345,
        "median_z_score": -0.05798162199493235,
        "median_delta": 0.013038741345579356,
        "z_score_decay_rate": -0.00912581090130016,
        "delta_decay_rate": -0.0003873754904889326,
        "outlier_count": 2,
        "outlier_ratio": 0.03773584905660377
    },
    "Esteban Ocon": {
        "mean_z_score": 0.242630959753492,
        "mean_delta": 0.03101051371934732,
        "var_z_score": 0.3306749090601021,
        "var_delta": 0.0037586790958750995,
        "best_z_score": -0.8881541470307589,
        "worst_z_score": 2.614410430652817,
        "z_score_range": 3.5025645776835757,
        "best_delta": 0.0005969738020343801,
        "worst_delta": 0.3811597301868088,
        "delta_range": 0.38056275638477444,
        "median_z_score": 0.1681107986170615,
        "median_delta": 0.014377052821058339,
        "z_score_decay_rate": -0.009458460905374132,
        "delta_decay_rate": -0.00042906760309090273,
        "outlier_count": 1,
        "outlier_ratio": 0.018867924528301886
    },
    "Nicholas Latifi": {
        "mean_z_score": 0.29645194523058416,
        "mean_delta": 0.03238429284617552,
        "var_z_score": 0.29378447029123134,
        "var_delta": 0.0026704115785585987,
        "best_z_score": -0.7468444459530857,
        "worst_z_score": 1.8373260141956755,
        "z_score_range": 2.584170460148761,
        "best_delta": 0.0,
        "worst_delta": 0.23425967897532457,
        "delta_range": 0.23425967897532457,
        "median_z_score": 0.2961276381859611,
        "median_delta": 0.015132349496369192,
        "z_score_decay_rate": -0.0005673348761297182,
        "delta_decay_rate": -0.0004305893827978378,
        "outlier_count": 0,
        "outlier_ratio": 0.0
    },
    "Sebastian Vettel": {
        "mean_z_score": 0.3222428205561944,
        "mean_delta": 0.033571397070309095,
        "var_z_score": 0.572684431559392,
        "var_delta": 0.0037715255440400187,
        "best_z_score": -1.6163895958856085,
        "worst_z_score": 2.9838979904102065,
        "z_score_range": 4.600287586295815,
        "best_delta": 0.005303882625766346,
        "worst_delta": 0.315212954143421,
        "delta_range": 0.3099090715176546,
        "median_z_score": 0.21277821352971615,
        "median_delta": 0.013458095073066554,
        "z_score_decay_rate": -0.001970930704081325,
        "delta_decay_rate": -0.0005463875789761761,
        "outlier_count": 2,
        "outlier_ratio": 0.03773584905660377
    },
    "George Russell": {
        "mean_z_score": 0.2099495878597888,
        "mean_delta": 0.03075542374882813,
        "var_z_score": 0.21148347905797407,
        "var_delta": 0.0032367075200115053,
        "best_z_score": -0.49752784274742445,
        "worst_z_score": 1.562200907491968,
        "z_score_range": 2.0597287502393926,
        "best_delta": 0.003543784388697217,
        "worst_delta": 0.31625294014734767,
        "delta_range": 0.31270915575865044,
        "median_z_score": 0.25341708392063483,
        "median_delta": 0.014370440593315317,
        "z_score_decay_rate": -0.007291533792852589,
        "delta_decay_rate": -0.0005048798791452129,
        "outlier_count": 0,