{
    "Charles Leclerc": {
        "mean_z_score": -0.9205715574636433,
        "mean_delta": 0.04468096365425258,
        "var_z_score": 1.5869057308640713,
        "var_delta": 0.014002839315371933,
        "best_z_score": -2.3767457537312686,
        "worst_z_score": 4.174381345074648,
        "z_score_range": 6.551127098805917,
        "best_delta": 0.0,
        "worst_delta": 0.6291249104207663,
        "delta_range": 0.6291249104207663,
        "median_z_score": -1.1843191712347834,
        "median_delta": 0.0019841960524942443,
        "z_score_decay_rate": 0.02836271183627343,
        "delta_decay_rate": 0.003002616014181555,
        "outlier_count": 1,
        "outlier_ratio": 0.018867924528301886
    },
    "George Russell": {
        "mean_z_score": -0.5133002873797873,
        "mean_delta": 0.043419998873803406,
        "var_z_score": 1.202012725601885,
        "var_delta": 0.009035475485401331,
        "best_z_score": -1.873295759335883,
        "worst_z_score": 4.060097577035124,
        "z_score_range": 5.933393336371007,
        "best_delta": 0.0010057656098330957,
        "worst_delta": 0.47684540953367216,
        "delta_range": 0.47583964392383904,
        "median_z_score": -0.6499894689397058,
        "median_delta": 0.0119101938623893,
        "z_score_decay_rate": 0.025505496138809827,
        "delta_decay_rate": 0.0023384842462497073,
        "outlier_count": 2,
        "outlier_ratio": 0.03773584905660377
    },
    "Max Verstappen": {
        "mean_z_score": -1.0284349580410972,
        "mean_delta": 0.04434294971449891,
        "var_z_score": 1.4987469839872283,
        "var_delta": 0.016638392762353023,
        "best_z_score": -2.818454751358133,
        "worst_z_score": 4.194123702304246,
        "z_score_range": 7.012578453662379,
        "best_delta": 0.0,
        "worst_delta": 0.6379406445154758,
        "delta_range": 0.6379406445154758,
        "median_z_score": -1.1773150288017658,
        "median_delta": 0.003035929052673429,
        "z_score_decay_rate": 0.031219264412250508,
        "delta_decay_rate": 0.003378438583092798,
        "outlier_count": 1,
        "outlier_ratio": 0.018867924528301886
    },
    "Pierre Gasly": {
        "mean_z_score": 0.1149906359553238,
        "mean_delta": 0.046731955463085645,
        "var_z_score": 0.39976361610755584,
        "var_delta": 0.004194704099741521,
        "best_z_score": -0.8741102535916615,
        "worst_z_score": 2.2312940947940634,
        "z_score_range": 3.1054043483857248,
        "best_delta": 0.016755433332173015,
        "worst_delta": 0.3159938221287915,
        "delta_range": 0.2992383887966185,
        "median_z_score": -0.011931570120326694,
        "median_delta": 0.026865812399061596,
        "z_score_decay_rate": 0.0009966831699877903,
        "delta_decay_rate": 0.0011604109850862447,
        "outlier_count": 1,
        "outlier_ratio": 0.018867924528301886
    },
    "Lando Norris": {
        "mean_z_score": -0.146460825302968,
        "mean_delta": 0.04541008318178827,
        "var_z_score": 0.5661617701099052,
        "var_delta": 0.005062440608609484,
        "best_z_score": -1.163937651040687,
        "worst_z_score": 3.0948080415589927,
        "z_score_range": 4.25874569259968,
        "best_delta": 0.0030626965920109777,
        "worst_delta": 0.3088754887643096,
        "delta_range": 0.3058127921722986,
        "median_z_score": -0.2501584715902639,
        "median_delta": 0.02182882533413266,
        "z_score_decay_rate": -0.005028616204125639,
        "delta_decay_rate": 0.001583527494024747,
        "outlier_count": 2,
        "outlier_ratio": 0.03773584905660377
    },
    "Nyck de Vries": {
        "mean_z_score": 0.0629319557500492,
        "mean_delta": 0.04694902584744893,
        "var_z_score": 0.2539022323628079,
        "var_delta": 0.0042865884137680095,
        "best_z_score": -0.7545310863633508,
        "worst_z_score": 1.9158848182535646,
        "z_score_range": 2.6704159046169154,
        "best_delta": 0.012926051774267158,
        "worst_delta": 0.3168840362091898,
        "delta_range": 0.30395798443492267,
        "median_z_score": -0.051857771542624345,
        "median_delta": 0.02719905353445717,
        "z_score_decay_rate": 8.118671006263984e-05,
        "delta_decay_rate": 0.0011366688443384546,
        "outlier_count": 1,
        "outlier_ratio": 0.018867924528301886
    },
    "Guanyu Zhou": {
        "mean_z_score": 0.11047486085722395,
        "mean_delta": 0.047188745508942316,
        "var_z_score": 0.4068609603084077,
        "var_delta": 0.004273777115143646,
        "best_z_score": -0.8564271738430291,
        "worst_z_score": 2.3120906687631364,
        "z_score_range": 3.1685178426061658,
        "best_delta": 0.013162051174054964,
        "worst_delta": 0.3121297935103245,
        "delta_range": 0.29896774233626955,
        "median_z_score": 0.01789604576991817,
        "median_delta": 0.02742660486023322,
        "z_score_decay_rate": -0.001797752451158895,
        "delta_decay_rate": 0.0010923489589745553,
        "outlier_count": 2,
        "outlier_ratio": 0.03773584905660377
    },
    "Esteban Ocon": {
        "mean_z_score": 0.13011032750121793,
        "mean_delta": 0.047380642046949806,
        "var_z_score": 0.2940649533279089,
        "var_delta": 0.004091373958824656,
        "best_z_score": -1.1766143713711399,
        "worst_z_score": 1.8786845248675994,
        "z_score_range": 3.0552988962387393,
        "best_delta": 0.017736831657734094,
        "worst_delta": 0.32522713864306785,
        "delta_range": 0.30749030698533375,
        "median_z_score": 0.06965623655770477,
        "median_delta": 0.027087903016580546,
        "z_score_decay_rate": -0.013517412598385866,
        "delta_decay_rate": 0.0009378855448366285,
        "outlier_count": 1,
        "outlier_ratio": 0.018867924528301886
    },
    "Sergio Pérez": {
        "mean_z_score": -0.16177675350005527,
        "mean_delta": 0.046324804225691234,
        "var_z_score": 1.956103908174125,
        "var_delta": 0.006203190515273732,
        "best_z_score": -3.872301505108653,
        "worst_z_score": 4.283290495045173,
        "z_score_range": 8.155592000153826,
        "best_delta": 0.0,
        "worst_delta": 0.3377776339492789,
        "delta_range": 0.3377776339492789,
        "median_z_score": -0.45404066232221907,
        "median_delta": 0.015046255480716121,
        "z_score_decay_rate": -0.01058307047589239,
        "delta_decay_rate": 0.0012365626574893666,
        "outlier_count": 1,
        "outlier_ratio": 0.018867924528301886
    },
    "Carlos Sainz": {
        "mean_z_score": -0.39546213534426794,
        "mean_delta": 0.0441467969046612,
        "var_z_score": 1.1116771913584915,
        "var_delta": 0.008083984401695632,
        "best_z_score": -1.8773540083939153,
        "worst_z_score": 3.9233145956746185,
        "z_score_range": 5.800668604068534,
        "best_delta": 0.0,
        "worst_delta": 0.47813986602375314,
        "delta_range": 0.47813986602375314,
        "median_z_score": -0.5915344377741022,
        "median_delta": 0.0140983491476641,
        "z_score_decay_rate": 0.0011823491379280896,
        "delta_decay_rate": 0.00189441512073299,
        "outlier_count": 2,
        "outlier_ratio": 0.03773584905660377
    },
    "Mick Schumacher": {
        "mean_z_score": 0.2521669476957772,
        "mean_delta": 0.04768039145156389,
        "var_z_score": 0.6189969426320728,
        "var_delta": 0.004231290180651168,
        "best_z_score": -1.816524053513679,
        "worst_z_score": 2.4888916621628407,
        "z_score_range": 4.30541571567652,
        "best_delta": 0.0,
        "worst_delta": 0.3482477876106196,
        "delta_range": 0.3482477876106196,
        "median_z_score": 0.11987480490647309,
        "median_delta": 0.027935011723468357,
        "z_score_decay_rate": -0.020535583741229706,
        "delta_decay_rate": 0.0009566104886685063,
        "outlier_count": 0,