{
    "Carlos Sainz": {
        "mean_z_score": -0.4649170724562598,
        "mean_delta": 0.011087424750887542,
        "var_z_score": 0.8393368634398001,
        "var_delta": 0.001086574027445944,
        "best_z_score": -1.8836944463878345,
        "worst_z_score": 2.91125372322352,
        "z_score_range": 4.794948169611354,
        "best_delta": 0.0,
        "worst_delta": 0.23411436960316268,
        "delta_range": 0.23411436960316268,
        "median_z_score": -0.47281362545919886,
        "median_delta": 0.003932860453683528,
        "z_score_decay_rate": 0.016943274188216492,
        "delta_decay_rate": 3.9784016300668766e-05,
        "outlier_count": 2,
        "outlier_ratio": 0.0392156862745098
    },
    "Max Verstappen": {
        "mean_z_score": -0.7498832230464411,
        "mean_delta": 0.008552163508854956,
        "var_z_score": 0.6290351441173845,
        "var_delta": 0.0010338705548043458,
        "best_z_score": -2.07704451759396,
        "worst_z_score": 2.092098948891188,
        "z_score_range": 4.169143466485147,
        "best_delta": 0.0,
        "worst_delta": 0.2265224154342627,
        "delta_range": 0.2265224154342627,
        "median_z_score": -0.7193297735777823,
        "median_delta": 0.00020937049271840214,
        "z_score_decay_rate": 0.01832975989646492,
        "delta_decay_rate": 5.3513177567412916e-05,
        "outlier_count": 1,
        "outlier_ratio": 0.0196078431372549
    },
    "Charles Leclerc": {
        "mean_z_score": -0.5416397389191375,
        "mean_delta": 0.011144591078780457,
        "var_z_score": 0.4881722758410743,
        "var_delta": 0.0010189543557574598,
        "best_z_score": -1.8007228415762198,
        "worst_z_score": 2.117868541660455,
        "z_score_range": 3.9185913832366746,
        "best_delta": 0.0,
        "worst_delta": 0.22863510784017826,
        "delta_range": 0.22863510784017826,
        "median_z_score": -0.47976895400869657,
        "median_delta": 0.0038517593170934645,
        "z_score_decay_rate": 0.015157167519542422,
        "delta_decay_rate": 3.602262781102999e-06,
        "outlier_count": 1,
        "outlier_ratio": 0.0196078431372549
    },
    "George Russell": {
        "mean_z_score": -0.45226088594947755,
        "mean_delta": 0.012647164946925995,
        "var_z_score": 0.5161050194377719,
        "var_delta": 0.0009158953735604149,
        "best_z_score": -1.4416637040268216,
        "worst_z_score": 2.7947551791595835,
        "z_score_range": 4.236418883186405,
        "best_delta": 0.0005782686636210854,
        "worst_delta": 0.21732998878729382,
        "delta_range": 0.21675172012367272,
        "median_z_score": -0.44938409804145046,
        "median_delta": 0.007360429589852741,
        "z_score_decay_rate": 0.005811320117964431,
        "delta_decay_rate": -0.00010856940748770712,
        "outlier_count": 2,
        "outlier_ratio": 0.0392156862745098
    },
    "Sergio Pérez": {
        "mean_z_score": -0.6984970731373737,
        "mean_delta": 0.009963557149960653,
        "var_z_score": 0.4271527467152553,
        "var_delta": 0.0010475549589911244,
        "best_z_score": -1.8401429449119255,
        "worst_z_score": 2.6707857848575727,
        "z_score_range": 4.510928729769498,
        "best_delta": 0.0,
        "worst_delta": 0.22990252226559782,
        "delta_range": 0.22990252226559782,
        "median_z_score": -0.6119273018125966,
        "median_delta": 0.0032052390670216824,
        "z_score_decay_rate": 0.0007271778798276814,
        "delta_decay_rate": -0.00013881357658353992,
        "outlier_count": 1,
        "outlier_ratio": 0.0196078431372549
    },
    "Oscar Piastri": {
        "mean_z_score": -0.10414381001697333,
        "mean_delta": 0.024114625399853904,
        "var_z_score": 1.320359464602756,
        "var_delta": 0.0030961503208537756,
        "best_z_score": -1.6033890758594065,
        "worst_z_score": 4.117700615640983,
        "z_score_range": 5.7210896915003895,
        "best_delta": 0.0,
        "worst_delta": 0.32220178787596604,
        "delta_range": 0.32220178787596604,
        "median_z_score": -0.31732548947416356,
        "median_delta": 0.01105106074050177,
        "z_score_decay_rate": -0.0024888868404283567,
        "delta_decay_rate": 0.0003434780264969074,
        "outlier_count": 3,
        "outlier_ratio": 0.058823529411764705
    },
    "Alexander Albon": {
        "mean_z_score": 0.0004819121729375694,
        "mean_delta": 0.018812335233791447,
        "var_z_score": 0.7180128071109584,
        "var_delta": 0.001079615125874474,
        "best_z_score": -0.8853822772356592,
        "worst_z_score": 4.224479065380001,
        "z_score_range": 5.10986134261566,
        "best_delta": 0.0022668131613947603,
        "worst_delta": 0.24086118222283706,
        "delta_range": 0.2385943690614423,
        "median_z_score": -0.25165175900873266,
        "median_delta": 0.01233634862684007,
        "z_score_decay_rate": 0.021269688619243596,
        "delta_decay_rate": -0.00010172092383651003,
        "outlier_count": 2,
        "outlier_ratio": 0.0392156862745098
    },
    "Lando Norris": {
        "mean_z_score": 0.06561331154636761,
        "mean_delta": 0.018961024809154913,
        "var_z_score": 0.6026855629983456,
        "var_delta": 0.0011159934509684406,
        "best_z_score": -0.6124440668300363,
        "worst_z_score": 4.034772806987988,
        "z_score_range": 4.647216873818024,
        "best_delta": 0.0038281385531716747,
        "worst_delta": 0.24213454256463005,
        "delta_range": 0.23830640401145836,
        "median_z_score": -0.197400866028794,
        "median_delta": 0.01192019257476161,
        "z_score_decay_rate": 0.01642721429166734,
        "delta_decay_rate": 1.13543470275639e-05,
        "outlier_count": 1,
        "outlier_ratio": 0.0196078431372549
    },
    "Lewis Hamilton": {
        "mean_z_score": -0.21149536373968403,
        "mean_delta": 0.017189291554429116,
        "var_z_score": 0.9988948777413803,
        "var_delta": 0.0011952355435327006,
        "best_z_score": -1.7087932383649391,
        "worst_z_score": 4.184698062187212,
        "z_score_range": 5.893491300552151,
        "best_delta": 0.0,
        "worst_delta": 0.24046632488236547,
        "delta_range": 0.24046632488236547,
        "median_z_score": -0.3679728931865598,
        "median_delta": 0.010549460831325595,
        "z_score_decay_rate": -0.008637402650875882,
        "delta_decay_rate": -0.00014738986135759026,
        "outlier_count": 2,
        "outlier_ratio": 0.0392156862745098
    },
    "Nico Hülkenberg": {
        "mean_z_score": 0.36187562428749764,
        "mean_delta": 0.029111885747155782,
        "var_z_score": 1.26511927106259,
        "var_delta": 0.0023442033995381547,
        "best_z_score": -1.2332749067824318,
        "worst_z_score": 4.091875449857367,
        "z_score_range": 5.325150356639799,
        "best_delta": 0.0,
        "worst_delta": 0.2631512232222083,
        "delta_range": 0.2631512232222083,
        "median_z_score": 0.020364360768878834,
        "median_delta": 0.017007866111950452,
        "z_score_decay_rate": -0.0031807209304067657,
        "delta_decay_rate": -7.45550729835685e-05,
        "outlier_count": 1,
        "outlier_ratio": 0.02
    },
    "Fernando Alonso": {
        "mean_z_score": -0.038284318423166416,
        "mean_delta": 0.01913990537596021,
        "var_z_score": 0.2964554179564227,
        "var_delta": 0.001257015601690405,
        "best_z_score": -0.6821912348247499,
        "worst_z_score": 3.014530749084507,
        "z_score_range": 3.696721983909257,
        "best_delta": 0.0017285287915279697,
        "worst_delta": 0.25379274877860636,
        "delta_range": 0.2520642199870784,
        "median_z_score": -0.22616380524980859,
        "median_delta": 0.011614294159238807,
        "z_score_decay_rate": -0.0051110492978699166,
        "delta_decay_rate": -0.0002295663698291985,
        "outlier_count": 1,