{
    "Oscar Piastri": {
        "mean_z_score": -0.7743972988903257,
        "mean_delta": 0.01402801484388501,
        "var_z_score": 0.9858075571092844,
        "var_delta": 0.00218965551794644,
        "best_z_score": -2.184521820809517,
        "worst_z_score": 4.174479338065882,
        "z_score_range": 6.359001158875399,
        "best_delta": 0.0,
        "worst_delta": 0.24672162761546618,
        "delta_range": 0.24672162761546618,
        "median_z_score": -0.8038348856620158,
        "median_delta": 0.001215885971565111,
        "z_score_decay_rate": 0.005246253838279749,
        "delta_decay_rate": 0.00014566323009409355,
        "outlier_count": 2,
        "outlier_ratio": 0.03773584905660377
    },
    "Charles Leclerc": {
        "mean_z_score": -0.617171562005678,
        "mean_delta": 0.013448364040100313,
        "var_z_score": 0.3551814152084621,
        "var_delta": 0.0011618624612325503,
        "best_z_score": -1.9840509997640614,
        "worst_z_score": 2.024273587844278,
        "z_score_range": 4.00832458760834,
        "best_delta": 0.0,
        "worst_delta": 0.24638163367160218,
        "delta_range": 0.24638163367160218,
        "median_z_score": -0.5006788841383304,
        "median_delta": 0.005367802811476964,
        "z_score_decay_rate": 0.016030097345202828,
        "delta_decay_rate": 9.565691485511101e-05,
        "outlier_count": 1,
        "outlier_ratio": 0.018867924528301886
    },
    "Lando Norris": {
        "mean_z_score": -0.7133088730512069,
        "mean_delta": 0.014769832333213159,
        "var_z_score": 0.7779328084876033,
        "var_delta": 0.002112352217539554,
        "best_z_score": -1.81730189646841,
        "worst_z_score": 2.4876756628653793,
        "z_score_range": 4.304977559333789,
        "best_delta": 0.0,
        "worst_delta": 0.2516596911531247,
        "delta_range": 0.2516596911531247,
        "median_z_score": -0.6949200515485675,
        "median_delta": 0.0023268711419752825,
        "z_score_decay_rate": -0.006461679364241267,
        "delta_decay_rate": -0.00010422947546254033,
        "outlier_count": 3,
        "outlier_ratio": 0.05660377358490566
    },
    "Carlos Sainz": {
        "mean_z_score": -0.37765780881954597,
        "mean_delta": 0.0169917058389698,
        "var_z_score": 0.5771569691885736,
        "var_delta": 0.0011960328868864517,
        "best_z_score": -1.5029210292550121,
        "worst_z_score": 2.8157710738896635,
        "z_score_range": 4.318692103144675,
        "best_delta": 0.0004609765611147035,
        "worst_delta": 0.2503399899792429,
        "delta_range": 0.24987901341812818,
        "median_z_score": -0.5142320303702788,
        "median_delta": 0.008113734210152896,
        "z_score_decay_rate": 0.015401780935206777,
        "delta_decay_rate": 0.0001434548510945708,
        "outlier_count": 2,
        "outlier_ratio": 0.03773584905660377
    },
    "Lewis Hamilton": {
        "mean_z_score": -0.5223247644932422,
        "mean_delta": 0.018538953562110244,
        "var_z_score": 0.8286337197466702,
        "var_delta": 0.0021652871897209734,
        "best_z_score": -1.8358798466364765,
        "worst_z_score": 4.029162237793899,
        "z_score_range": 5.8650420844303754,
        "best_delta": 0.0,
        "worst_delta": 0.2556028233952041,
        "delta_range": 0.2556028233952041,
        "median_z_score": -0.5591093546551603,
        "median_delta": 0.006592407365310321,
        "z_score_decay_rate": -0.0054246982119310755,
        "delta_decay_rate": -8.07550879541077e-05,
        "outlier_count": 1,
        "outlier_ratio": 0.018867924528301886
    },
    "Max Verstappen": {
        "mean_z_score": -0.2785033774853436,
        "mean_delta": 0.022065948383517917,
        "var_z_score": 1.3376267119758525,
        "var_delta": 0.002765417111708321,
        "best_z_score": -1.695209437841588,
        "worst_z_score": 4.088648204690216,
        "z_score_range": 5.783857642531804,
        "best_delta": 0.0,
        "worst_delta": 0.29023342625716364,
        "delta_range": 0.29023342625716364,
        "median_z_score": -0.5249257658734088,
        "median_delta": 0.008155330599084925,
        "z_score_decay_rate": 0.0025948165201175937,
        "delta_decay_rate": 0.00022557627471181502,
        "outlier_count": 3,
        "outlier_ratio": 0.05660377358490566
    },
    "George Russell": {
        "mean_z_score": -0.4943936746897573,
        "mean_delta": 0.022312928908111228,
        "var_z_score": 0.6519628593246657,
        "var_delta": 0.0033525858726691235,
        "best_z_score": -1.6249664773830865,
        "worst_z_score": 2.9616231080470485,
        "z_score_range": 4.586589585430135,
        "best_delta": 0.0,
        "worst_delta": 0.33971224041392034,
        "delta_range": 0.33971224041392034,
        "median_z_score": -0.5217557089326968,
        "median_delta": 0.00743917174062387,
        "z_score_decay_rate": -0.015093729324775753,
        "delta_decay_rate": -0.00044797363065213284,
        "outlier_count": 2,
        "outlier_ratio": 0.03773584905660377
    },
    "Sergio Pérez": {
        "mean_z_score": -0.15992318137878514,
        "mean_delta": 0.025713097382926688,
        "var_z_score": 0.8287793394668607,
        "var_delta": 0.0022832197112589683,
        "best_z_score": -0.9692972995938698,
        "worst_z_score": 4.140010258793298,
        "z_score_range": 5.109307558387168,
        "best_delta": 0.0,
        "worst_delta": 0.2604813058872952,
        "delta_range": 0.2604813058872952,
        "median_z_score": -0.42130520327617477,
        "median_delta": 0.013105850404392393,
        "z_score_decay_rate": 0.006590828201969777,
        "delta_decay_rate": 0.0002488310668840848,
        "outlier_count": 2,
        "outlier_ratio": 0.03773584905660377
    },
    "Alexander Albon": {
        "mean_z_score": 0.1288807285453386,
        "mean_delta": 0.028678362803087852,
        "var_z_score": 0.42415069330136423,
        "var_delta": 0.001190951142192237,
        "best_z_score": -0.3817456776112466,
        "worst_z_score": 4.15793490597397,
        "z_score_range": 4.539680583585216,
        "best_delta": 0.009615611784440276,
        "worst_delta": 0.2641788375558867,
        "delta_range": 0.25456322577144647,
        "median_z_score": -0.06227175310614931,
        "median_delta": 0.022397939533988113,
        "z_score_decay_rate": 0.0020822539242119974,
        "delta_decay_rate": -2.7105274981754823e-05,
        "outlier_count": 1,
        "outlier_ratio": 0.018867924528301886
    },
    "Fernando Alonso": {
        "mean_z_score": 0.0505410080043729,
        "mean_delta": 0.028856953559602355,
        "var_z_score": 0.7884077168246009,
        "var_delta": 0.002101203443592384,
        "best_z_score": -0.7941296100692131,
        "worst_z_score": 4.1998858184391565,
        "z_score_range": 4.994015428508369,
        "best_delta": 0.0013008514664143735,
        "worst_delta": 0.2531222176769256,
        "delta_range": 0.2518213662105112,
        "median_z_score": -0.23225989607677158,
        "median_delta": 0.018150568043298117,
        "z_score_decay_rate": -0.009938720993687901,
        "delta_decay_rate": -0.00014889033385547361,
        "outlier_count": 3,
        "outlier_ratio": 0.05660377358490566
    },
    "Daniel Ricciardo": {
        "mean_z_score": 0.2482312136676399,
        "mean_delta": 0.03111853988986052,
        "var_z_score": 0.3869740348030351,
        "var_delta": 0.0018415300508276943,
        "best_z_score": -0.5195755758601921,
        "worst_z_score": 2.815865327652955,
        "z_score_range": 3.335440903513147,
        "best_delta": 0.008853027854358665,
        "worst_delta": 0.32525338436459006,
        "delta_range": 0.3164003565102314,
        "median_z_score": 0.12899264588780496,
        "median_delta": 0.023419486461363857,
        "z_score_decay_rate": 0.006263824067380706,
        "delta_decay_rate": -0.00016473663167545613,
        "outlier_count": 1,