{
    "Ayrton Senna": {
        "mean_z_score": -0.6895735150994791,
        "var_z_score": 0.5036665306625145,
        "best_z_score": -1.2811151834802064,
        "worst_z_score": 0.6843568044740582,
        "z_score_range": 1.9654719879542646,
        "median_z_score": -0.9161052486013029,
        "z_score_decay_rate": -0.31836521477071106,
        "outlier_count": 17.0,
        "outlier_ratio": 0.026422764227642278,
        "finish_rate": 0.5555555555555556
    },
    "Damon Hill": {
        "mean_z_score": -0.04548779928996818,
        "var_z_score": 0.9093429997548357,
        "best_z_score": -1.5859139280170402,
        "worst_z_score": 4.071860241289388,
        "z_score_range": 5.657774169306428,
        "median_z_score": -0.28923350509462253,
        "z_score_decay_rate": 0.0067961309192725045,
        "outlier_count": 5,
        "outlier_ratio": 0.031446540880503145,
        "finish_rate": 0.6666666666666666
    },
    "Michael Schumacher": {
        "mean_z_score": -0.5906147637993066,
        "var_z_score": 0.885110393103634,
        "best_z_score": -2.3343920364058666,
        "worst_z_score": 4.497415003780432,
        "z_score_range": 6.831807040186298,
        "median_z_score": -0.6192597917571785,
        "z_score_decay_rate": 0.0008436639000500898,
        "outlier_count": 21,
        "outlier_ratio": 0.030390738060781478,
        "finish_rate": 0.9375
    },
    "Jacques Villeneuve": {
        "mean_z_score": -0.10320633979802564,
        "var_z_score": 0.495907380309068,
        "best_z_score": -1.1863738384608813,
        "worst_z_score": 4.041557193715026,
        "z_score_range": 5.227931032175908,
        "median_z_score": -0.25971402418114004,
        "z_score_decay_rate": 0.0010079223887845968,
        "outlier_count": 10,
        "outlier_ratio": 0.02386634844868735,
        "finish_rate": 0.4444444444444444
    },
    "Mika Häkkinen": {
        "mean_z_score": -0.5628204054389576,
        "var_z_score": 0.9560134531201777,
        "best_z_score": -2.1347025435519122,
        "worst_z_score": 3.975484718202249,
        "z_score_range": 6.110187261754161,
        "median_z_score": -0.6675150780038005,
        "z_score_decay_rate": -0.0003451740721077034,
        "outlier_count": 5,
        "outlier_ratio": 0.019157088122605363,
        "finish_rate": 0.5555555555555556
    },
    "David Coulthard": {
        "mean_z_score": -0.21611446336348306,
        "var_z_score": 0.645519661871281,
        "best_z_score": -2.09605638828293,
        "worst_z_score": 4.283317582634776,
        "z_score_range": 6.379373970917706,
        "median_z_score": -0.35765858694987057,
        "z_score_decay_rate": 0.0028065459873516624,
        "outlier_count": 9,
        "outlier_ratio": 0.020594965675057208,
        "finish_rate": 0.3076923076923077
    },
    "Nico Rosberg": {
        "mean_z_score": -0.2766864079898288,
        "var_z_score": 1.083506591010362,
        "best_z_score": -2.3473237416004875,
        "worst_z_score": 4.568774354276358,
        "z_score_range": 6.916098095876846,
        "median_z_score": -0.4850438301750061,
        "z_score_decay_rate": -0.002780690201112521,
        "outlier_count": 14,
        "outlier_ratio": 0.029106029106029108,
        "finish_rate": 0.7
    },
    "Fernando Alonso": {
        "mean_z_score": -0.1764153895297149,
        "var_z_score": 0.8642106468117159,
        "best_z_score": -2.3148893554737526,
        "worst_z_score": 4.1998858184391565,
        "z_score_range": 6.514775173912909,
        "median_z_score": -0.32939909306145265,
        "z_score_decay_rate": 0.0005393571492668457,
        "outlier_count": 26,
        "outlier_ratio": 0.026422764227642278,
        "finish_rate": 0.47619047619047616
    },
    "Kimi Räikkönen": {
        "mean_z_score": -0.28598252954179954,
        "var_z_score": 0.9411792593099745,
        "best_z_score": -2.8962233153288635,
        "worst_z_score": 4.388086803974784,
        "z_score_range": 7.2843101193036475,
        "median_z_score": -0.4398664180526929,
        "z_score_decay_rate": 0.0007479965673100132,
        "outlier_count": 23,
        "outlier_ratio": 0.025871766029246346,
        "finish_rate": 0.8333333333333334
    },
    "Lewis Hamilton": {
        "mean_z_score": -0.6656060126701515,
        "var_z_score": 1.0110547282841074,
        "best_z_score": -3.2158158010700055,
        "worst_z_score": 4.4110028950094655,
        "z_score_range": 7.6268186960794715,
        "median_z_score": -0.6653780021356117,
        "z_score_decay_rate": 0.00028941182809398607,
        "outlier_count": 19,
        "outlier_ratio": 0.021839080459770115,
        "finish_rate": 0.8235294117647058
    },
    "Sebastian Vettel": {
        "mean_z_score": -0.35843507391172147,
        "var_z_score": 1.0558649292931233,
        "best_z_score": -4.352125666668455,
        "worst_z_score": 4.353539243407537,
        "z_score_range": 8.705664910075992,
        "median_z_score": -0.5028501517459549,
        "z_score_decay_rate": 0.00014334614933961514,
        "outlier_count": 23,
        "outlier_ratio": 0.030666666666666665,
        "finish_rate": 0.6875
    },
    "Max Verstappen": {
        "mean_z_score": -0.4683392705711373,
        "var_z_score": 1.0771631217254647,
        "best_z_score": -2.818454751358133,
        "worst_z_score": 4.2412226846053205,
        "z_score_range": 7.0596774359634535,
        "median_z_score": -0.5520200689247822,
        "z_score_decay_rate": -0.0008911785483199789,
        "outlier_count": 17,
        "outlier_ratio": 0.035789473684210524,
        "finish_rate": 0.5
    }
}