{
    "Rubens Barrichello": {
        "total_time": 4581.706,
        "total_time_gap": 0.0,
        "z_score": -1.3178359740423573
    },
    "Jenson Button": {
        "total_time": 4584.572,
        "total_time_gap": 2.8659999999999854,
        "z_score": -1.263548568835165
    },
    "Kimi Räikkönen": {
        "total_time": 4612.37,
        "total_time_gap": 30.66399999999976,
        "z_score": -0.7370024104438432
    },
    "Adrian Sutil": {
        "total_time": 4612.837,
        "total_time_gap": 31.131000000000313,
        "z_score": -0.7281565562108393
    },
    "Fernando Alonso": {
        "total_time": 4640.888,
        "total_time_gap": 59.18199999999979,
        "z_score": -0.196818104198651
    },
    "Heikki Kovalainen": {
        "total_time": 4642.399,
        "total_time_gap": 60.69300000000021,
        "z_score": -0.1681969355775446
    },
    "Nick Heidfeld": {
        "total_time": 4664.118,
        "total_time_gap": 82.41200000000026,
        "z_score": 0.24320158280871476
    },
    "Sebastian Vettel": {
        "total_time": 4667.113,
        "total_time_gap": 85.40700000000015,
        "z_score": 0.29993248950638957
    },
    "Giancarlo Fisichella": {
        "total_time": 4668.562,
        "total_time_gap": 86.85599999999977,
        "z_score": 0.3273792620622867
    },
    "Kazuki Nakajima": {
        "total_time": 4743.869000000001,
        "total_time_gap": 162.16300000000047,
        "z_score": 1.7538348182165409
    },
    "Timo Glock": {
        "total_time": 4745.631,
        "total_time_gap": 163.92500000000018,
        "z_score": 1.7872103967144677
    },
    "Lewis Hamilton": {
        "total_time": 0.0,
        "total_time_gap": 0.0,
        "z_score": 0.0
    },
    "Sébastien Buemi": {
        "total_time": 0.0,
        "total_time_gap": 0.0,
        "z_score": 0.0
    },
    "Jarno Trulli": {
        "total_time": 0.0,
        "total_time_gap": 0.0,
        "z_score": 0.0
    },
    "Romain Grosjean": {
        "total_time": 0.0,
        "total_time_gap": 0.0,
        "z_score": 0.0
    },
    "Nico Rosberg": {
        "total_time": 0.0,
        "total_time_gap": 0.0,
        "z_score": 0.0
    },
    "Vitantonio Liuzzi": {
        "total_time": 0.0,
        "total_time_gap": 0.0,
        "z_score": 0.0
    },
    "Jaime Alguersuari": {
        "total_time": 0.0,
        "total_time_gap": 0.0,
        "z_score": 0.0
    },
    "Robert Kubica": {
        "total_time": 0.0,
        "total_time_gap": 0.0,
        "z_score": 0.0
    },
    "Mark Webber": {
        "total_time": 0.0,
        "total_time_gap": 0.0,
        "z_score": 0.0
    }
}