{
    "Sebastian Vettel": {
        "total_time": 4713.352,
        "total_time_gap": 0.0,
        "z_score": -1.5472379434008479
    },
    "Fernando Alonso": {
        "total_time": 4718.8189999999995,
        "total_time_gap": 5.4669999999996435,
        "z_score": -1.2340259286276496
    },
    "Mark Webber": {
        "total_time": 4719.702,
        "total_time_gap": 6.350000000000364,
        "z_score": -1.1834376335764372
    },
    "Felipe Massa": {
        "total_time": 4722.713,
        "total_time_gap": 9.360999999999876,
        "z_score": -1.010933266193593
    },
    "Nico Hülkenberg": {
        "total_time": 4723.706999999999,
        "total_time_gap": 10.354999999999563,
        "z_score": -0.9539856271439349
    },
    "Nico Rosberg": {
        "total_time": 4724.351,
        "total_time_gap": 10.998999999999796,
        "z_score": -0.9170899736751172
    },
    "Daniel Ricciardo": {
        "total_time": 4745.681,
        "total_time_gap": 32.32899999999972,
        "z_score": 0.30493531901058496
    },
    "Romain Grosjean": {
        "total_time": 4746.482,
        "total_time_gap": 33.13000000000011,
        "z_score": 0.35082572029711667
    },
    "Lewis Hamilton": {
        "total_time": 4746.879,
        "total_time_gap": 33.527000000000044,
        "z_score": 0.373570401084559
    },
    "Jenson Button": {
        "total_time": 4751.679,
        "total_time_gap": 38.327000000000226,
        "z_score": 0.6485690604793839
    },
    "Kimi Räikkönen": {
        "total_time": 4752.047,
        "total_time_gap": 38.69499999999971,
        "z_score": 0.6696522910329566
    },
    "Sergio Pérez": {
        "total_time": 4753.117,
        "total_time_gap": 39.76500000000033,
        "z_score": 0.7309540755230861
    },
    "Esteban Gutiérrez": {
        "total_time": 4754.232,
        "total_time_gap": 40.88000000000011,
        "z_score": 0.7948339724449941
    },
    "Pastor Maldonado": {
        "total_time": 4762.437,
        "total_time_gap": 49.085000000000036,
        "z_score": 1.2649098058480006
    },
    "Valtteri Bottas": {
        "total_time": 4770.179,
        "total_time_gap": 56.827000000000226,
        "z_score": 1.7084597268968975
    },
    "Adrian Sutil": {
        "total_time": 0.0,
        "total_time_gap": 0.0,
        "z_score": 0.0
    },
    "Charles Pic": {
        "total_time": 0.0,
        "total_time_gap": 0.0,
        "z_score": 0.0
    },
    "Giedo van der Garde": {
        "total_time": 0.0,
        "total_time_gap": 0.0,
        "z_score": 0.0
    },
    "Jules Bianchi": {
        "total_time": 0.0,
        "total_time_gap": 0.0,
        "z_score": 0.0
    },
    "Max Chilton": {
        "total_time": 0.0,
        "total_time_gap": 0.0,
        "z_score": 0.0
    },
    "Jean-Éric Vergne": {
        "total_time": 0.0,
        "total_time_gap": 0.0,
        "z_score": 0.0
    },
    "Paul di Resta": {
        "total_time": 0.0,
        "total_time_gap": 0.0,
        "z_score": 0.0
    }
}