{
    "Lewis Hamilton": {
        "total_time": 4750.236,
        "total_time_gap": 0.0,
        "z_score": -2.0502696222362795
    },
    "Nico Rosberg": {
        "total_time": 4753.411,
        "total_time_gap": 3.175000000000182,
        "z_score": -1.9203634945607357
    },
    "Felipe Massa": {
        "total_time": 4775.262,
        "total_time_gap": 25.02599999999984,
        "z_score": -1.0263229289424358
    },
    "Valtteri Bottas": {
        "total_time": 4791.022,
        "total_time_gap": 40.78600000000006,
        "z_score": -0.38149755188212625
    },
    "Daniel Ricciardo": {
        "total_time": 4800.545,
        "total_time_gap": 50.3090000000002,
        "z_score": 0.008139000512882048
    },
    "Sebastian Vettel": {
        "total_time": 4810.201,
        "total_time_gap": 59.965000000000146,
        "z_score": 0.403217289909724
    },
    "Sergio Pérez": {
        "total_time": 4812.754,
        "total_time_gap": 62.51800000000003,
        "z_score": 0.5076740911555915
    },
    "Jenson Button": {
        "total_time": 4813.299,
        "total_time_gap": 63.0630000000001,
        "z_score": 0.5299729382684031
    },
    "Kimi Räikkönen": {
        "total_time": 4813.771,
        "total_time_gap": 63.534999999999854,
        "z_score": 0.5492849673275594
    },
    "Kevin Magnussen": {
        "total_time": 4816.407,
        "total_time_gap": 66.17100000000028,
        "z_score": 0.6571377397851244
    },
    "Daniil Kvyat": {
        "total_time": 4821.42,
        "total_time_gap": 71.1840000000002,
        "z_score": 0.862246217907157
    },
    "Nico Hülkenberg": {
        "total_time": 4822.842,
        "total_time_gap": 72.60599999999977,
        "z_score": 0.9204277969794584
    },
    "Jean-Éric Vergne": {
        "total_time": 4823.329,
        "total_time_gap": 73.09299999999985,
        "z_score": 0.9403535557756779
    },
    "Pastor Maldonado": {
        "total_time": 0.0,
        "total_time_gap": 0.0,
        "z_score": 0.0
    },
    "Adrian Sutil": {
        "total_time": 0.0,
        "total_time_gap": 0.0,
        "z_score": 0.0
    },
    "Romain Grosjean": {
        "total_time": 0.0,
        "total_time_gap": 0.0,
        "z_score": 0.0
    },
    "Kamui Kobayashi": {
        "total_time": 0.0,
        "total_time_gap": 0.0,
        "z_score": 0.0
    },
    "Jules Bianchi": {
        "total_time": 0.0,
        "total_time_gap": 0.0,
        "z_score": 0.0
    },
    "Esteban Gutiérrez": {
        "total_time": 0.0,
        "total_time_gap": 0.0,
        "z_score": 0.0
    },
    "Marcus Ericsson": {
        "total_time": 0.0,
        "total_time_gap": 0.0,
        "z_score": 0.0
    },
    "Fernando Alonso": {
        "total_time": 0.0,
        "total_time_gap": 0.0,
        "z_score": 0.0
    },
    "Max Chilton": {
        "total_time": 0.0,
        "total_time_gap": 0.0,
        "z_score": 0.0
    }
}